Date,Close
24-March-2008,15289.4
25-March-2008,16217.49
26-March-2008,16086.83
27-March-2008,16015.56
28-March-2008,16371.29
31-March-2008,15644.44
1-April-2008,15626.62
2-April-2008,15750.4
3-April-2008,15832.55
4-April-2008,15343.12
7-April-2008,15757.08
8-April-2008,15587.62
9-April-2008,15790.51
10-April-2008,15695.1
11-April-2008,15807.64
15-April-2008,16153.66
16-April-2008,16244.19
17-April-2008,16481.2
21-April-2008,16739.33
22-April-2008,16783.87
23-April-2008,16698.04
24-April-2008,16721.08
25-April-2008,17125.98
28-April-2008,17015.96
29-April-2008,17378.46
30-April-2008,17287.31
2-May-2008,17600.12
5-May-2008,17490.9
6-May-2008,17373.01
7-May-2008,17339.31
8-May-2008,17080.65
9-May-2008,16737.07
12-May-2008,16860.9
13-May-2008,16752.86
14-May-2008,16978.35
15-May-2008,17353.54
16-May-2008,17434.94
20-May-2008,17230.18
21-May-2008,17243.16
22-May-2008,16907.11
23-May-2008,16649.64
26-May-2008,16348.5
27-May-2008,16275.59
28-May-2008,16525.37
29-May-2008,16316.26
30-May-2008,16415.57
2-June-2008,16063.18
3-June-2008,15962.56
4-June-2008,15514.79
5-June-2008,15769.72
6-June-2008,15572.18
9-June-2008,15066.1
10-June-2008,14889.25
11-June-2008,15185.32
12-June-2008,15250.2
13-June-2008,15189.62
16-June-2008,15395.82
17-June-2008,15696.9
18-June-2008,15422.31
19-June-2008,15087.99
20-June-2008,14571.29
23-June-2008,14293.32
24-June-2008,14106.58
25-June-2008,14220.07
26-June-2008,14421.82
27-June-2008,13802.22
30-June-2008,13461.6
1-July-2008,12961.68
2-July-2008,13664.62
3-July-2008,13094.11
4-July-2008,13454
7-July-2008,13525.99
8-July-2008,13349.65
9-July-2008,13964.26
10-July-2008,13926.24
11-July-2008,13469.85
14-July-2008,13330.51
15-July-2008,12676.19
16-July-2008,12575.8
17-July-2008,13111.85
18-July-2008,13635.4
21-July-2008,13850.04
22-July-2008,14104.2
23-July-2008,14942.28
24-July-2008,14777.01
25-July-2008,14274.94
28-July-2008,14349.11
29-July-2008,13791.54
30-July-2008,14287.21
31-July-2008,14355.75
1-August-2008,14656.69
4-August-2008,14577.87
5-August-2008,14961.07
6-August-2008,15073.54
7-August-2008,15117.25
8-August-2008,15167.82
11-August-2008,15503.92
12-August-2008,15212.13
13-August-2008,15093.12
14-August-2008,14724.18
18-August-2008,14645.66
19-August-2008,14543.73
20-August-2008,14678.23
21-August-2008,14243.73
22-August-2008,14401.49
25-August-2008,14450.35
26-August-2008,14482.22
27-August-2008,14296.79
28-August-2008,14048.34
29-August-2008,14564.53
1-September-2008,14498.51
2-September-2008,15049.86
4-September-2008,14899.1
5-September-2008,14483.83
8-September-2008,14944.97
9-September-2008,14900.76
10-September-2008,14662.61
11-September-2008,14324.29
12-September-2008,14000.81
15-September-2008,13531.27
16-September-2008,13518.8
17-September-2008,13262.9
18-September-2008,13315.6
19-September-2008,14042.32
22-September-2008,13994.96
23-September-2008,13570.31
24-September-2008,13692.52
25-September-2008,13547.18
26-September-2008,13102.18
29-September-2008,12595.75
30-September-2008,12860.43
1-October-2008,13055.67
3-October-2008,12526.32
6-October-2008,11801.7
7-October-2008,11695.24
8-October-2008,11328.36
10-October-2008,10527.85
13-October-2008,11309.09
14-October-2008,11483.4
15-October-2008,10809.12
16-October-2008,10581.49
17-October-2008,9975.35
20-October-2008,10223.09
21-October-2008,10683.39
22-October-2008,10169.9
23-October-2008,9771.7
24-October-2008,8701.07
27-October-2008,8509.56
28-October-2008,9008.08
29-October-2008,9044.51
31-October-2008,9788.06
3-November-2008,10337.68
4-November-2008,10631.12
5-November-2008,10120.01
6-November-2008,9734.22
7-November-2008,9964.29
10-November-2008,10536.16
11-November-2008,9839.69
12-November-2008,9536.33
14-November-2008,9385.42
17-November-2008,9291.01
18-November-2008,8937.2
19-November-2008,8773.78
20-November-2008,8451.01
21-November-2008,8915.21
24-November-2008,8903.12
25-November-2008,8695.53
26-November-2008,9026.72
28-November-2008,9092.72
1-December-2008,8839.87
2-December-2008,8739.24
3-December-2008,8747.43
4-December-2008,9229.75
5-December-2008,8965.2
8-December-2008,9162.62
10-December-2008,9654.9
11-December-2008,9645.46
12-December-2008,9690.07
15-December-2008,9832.39
16-December-2008,9976.98
17-December-2008,9715.29
18-December-2008,10076.43
19-December-2008,10099.91
22-December-2008,9928.35
23-December-2008,9686.75
24-December-2008,9568.72
26-December-2008,9328.92
29-December-2008,9533.52
30-December-2008,9716.16
31-December-2008,9647.31
1-January-2009,9903.46
2-January-2009,9958.22
5-January-2009,10275.6
6-January-2009,10335.93
7-January-2009,9586.88
9-January-2009,9406.47
12-January-2009,9110.05
13-January-2009,9071.36
14-January-2009,9370.49
15-January-2009,9046.74
16-January-2009,9323.59
19-January-2009,9329.57
20-January-2009,9100.55
21-January-2009,8779.17
22-January-2009,8813.84
23-January-2009,8674.35
27-January-2009,9004.08
28-January-2009,9257.47
29-January-2009,9236.28
30-January-2009,9424.24
2-February-2009,9066.7
3-February-2009,9149.3
4-February-2009,9201.85
5-February-2009,9090.88
6-February-2009,9300.86
9-February-2009,9583.89
10-February-2009,9647.47
11-February-2009,9618.54
12-February-2009,9465.83
13-February-2009,9634.74
16-February-2009,9305.45
17-February-2009,9035
18-February-2009,9015.18
19-February-2009,9042.63
20-February-2009,8843.21
24-February-2009,8822.06
25-February-2009,8902.56
26-February-2009,8954.86
27-February-2009,8891.61
2-March-2009,8607.08
3-March-2009,8427.29
4-March-2009,8446.49
5-March-2009,8197.92
6-March-2009,8325.82
9-March-2009,8160.4
12-March-2009,8343.75
13-March-2009,8756.61
16-March-2009,8943.54
17-March-2009,8863.82
18-March-2009,8976.68
19-March-2009,9001.75
20-March-2009,8966.68
23-March-2009,9424.02
24-March-2009,9471.04
25-March-2009,9667.9
26-March-2009,10003.1
27-March-2009,10048.49
30-March-2009,9568.14
31-March-2009,9708.5
1-April-2009,9901.99
2-April-2009,10348.83
6-April-2009,10534.87
8-April-2009,10742.34
9-April-2009,10803.86
13-April-2009,10967.22
15-April-2009,11284.73
16-April-2009,10947.4
17-April-2009,11023.09
20-April-2009,10979.5
21-April-2009,10898.11
22-April-2009,10817.54
23-April-2009,11134.99
24-April-2009,11329.05
27-April-2009,11371.85
28-April-2009,11001.75
29-April-2009,11403.25
4-May-2009,12134.75
5-May-2009,12131.08
6-May-2009,11952.75
7-May-2009,12116.94
8-May-2009,11876.43
11-May-2009,11682.99
12-May-2009,12158.03
13-May-2009,12019.65
14-May-2009,11872.91
15-May-2009,12173.42
18-May-2009,14284.21
19-May-2009,14302.03
20-May-2009,14060.66
21-May-2009,13736.54
22-May-2009,13887.15
25-May-2009,13913.22
26-May-2009,13589.23
27-May-2009,14109.64
28-May-2009,14296.01
29-May-2009,14625.25
1-June-2009,14840.63
2-June-2009,14874.91
3-June-2009,14870.9
4-June-2009,15008.68
5-June-2009,15103.55
8-June-2009,14665.92
9-June-2009,15127
10-June-2009,15466.81
11-June-2009,15411.47
12-June-2009,15237.94
15-June-2009,14875.52
16-June-2009,14957.91
17-June-2009,14522.84
18-June-2009,14265.53
19-June-2009,14521.89
22-June-2009,14326.22
23-June-2009,14324.01
24-June-2009,14422.73
25-June-2009,14345.62
26-June-2009,14764.64
29-June-2009,14785.74
30-June-2009,14493.84
1-July-2009,14645.47
2-July-2009,14658.49
3-July-2009,14913.05
6-July-2009,14043.4
7-July-2009,14170.45
8-July-2009,13769.15
9-July-2009,13757.46
10-July-2009,13504.22
13-July-2009,13400.32
14-July-2009,13853.7
15-July-2009,14253.24
16-July-2009,14250.25
17-July-2009,14744.92
20-July-2009,15191.01
21-July-2009,15062.49
22-July-2009,14843.12
23-July-2009,15231.04
24-July-2009,15378.96
27-July-2009,15375.04
28-July-2009,15331.94
29-July-2009,15173.46
30-July-2009,15387.96
31-July-2009,15670.31
3-August-2009,15924.23
4-August-2009,15830.98
5-August-2009,15903.83
6-August-2009,15514.03
7-August-2009,15160.24
10-August-2009,15009.77
11-August-2009,15074.59
12-August-2009,15020.16
13-August-2009,15518.49
14-August-2009,15411.63
17-August-2009,14784.92
18-August-2009,15035.26
19-August-2009,14809.64
20-August-2009,15012.32
21-August-2009,15240.83
24-August-2009,15628.75
25-August-2009,15688.47
26-August-2009,15769.85
27-August-2009,15781.07
28-August-2009,15922.34
31-August-2009,15666.64
1-September-2009,15551.19
2-September-2009,15467.46
3-September-2009,15398.33
4-September-2009,15689.12
7-September-2009,16016.32
8-September-2009,16123.67
9-September-2009,16183.55
10-September-2009,16216.86
11-September-2009,16264.3
14-September-2009,16214.19
15-September-2009,16454.45
16-September-2009,16677.04
17-September-2009,16711.11
18-September-2009,16741.3
22-September-2009,16886.43
23-September-2009,16719.5
24-September-2009,16781.43
25-September-2009,16693
29-September-2009,16852.91
30-September-2009,17126.84
1-October-2009,17134.55
5-October-2009,16866.41
6-October-2009,16958.54
7-October-2009,16806.66
8-October-2009,16843.54
9-October-2009,16642.66
12-October-2009,17026.67
14-October-2009,17231.11
15-October-2009,17195.2
16-October-2009,17322.82
17-October-2009,17326.01
20-October-2009,17223.01
21-October-2009,17009.17
22-October-2009,16789.74
23-October-2009,16810.81
26-October-2009,16740.5
27-October-2009,16353.4
28-October-2009,16283.49
29-October-2009,16052.72
30-October-2009,15896.28
3-November-2009,15404.94
4-November-2009,15912.13
5-November-2009,16063.9
6-November-2009,16158.28
9-November-2009,16498.72
10-November-2009,16440.56
11-November-2009,16849.6
12-November-2009,16696.03
13-November-2009,16848.83
16-November-2009,17032.51
17-November-2009,17050.65
18-November-2009,16998.78
19-November-2009,16785.65
20-November-2009,17021.85
23-November-2009,17180.18
24-November-2009,17131.08
25-November-2009,17198.95
26-November-2009,16854.93
27-November-2009,16632.01
30-November-2009,16926.22
1-December-2009,17198.27
2-December-2009,17169.91
3-December-2009,17185.68
4-December-2009,17101.54
7-December-2009,16983.14
8-December-2009,17227.68
9-December-2009,17125.22
10-December-2009,17189.31
11-December-2009,17119.03
14-December-2009,17097.55
15-December-2009,16877.16
16-December-2009,16912.77
17-December-2009,16894.25
18-December-2009,16719.83
21-December-2009,16601.2
22-December-2009,16692
23-December-2009,17231.11
24-December-2009,17360.61
29-December-2009,17401.56
30-December-2009,17343.82
31-December-2009,17464.81
4-January-2010,17558.73
5-January-2010,17686.24
6-January-2010,17701.13
7-January-2010,17615.72
8-January-2010,17540.29
11-January-2010,17526.71
12-January-2010,17422.51
13-January-2010,17509.8
14-January-2010,17584.87
15-January-2010,17554.3
18-January-2010,17641.08
19-January-2010,17486.06
20-January-2010,17474.49
21-January-2010,17051.14
22-January-2010,16859.68
25-January-2010,16780.46
27-January-2010,16289.82
28-January-2010,16306.87
29-January-2010,16357.96
1-February-2010,16356.03
2-February-2010,16163.44
3-February-2010,16496.05
4-February-2010,16224.95
5-February-2010,15790.93
6-February-2010,15915.65
8-February-2010,15935.61
9-February-2010,16042.18
10-February-2010,15922.17
11-February-2010,16152.59
15-February-2010,16038.35
16-February-2010,16226.68
17-February-2010,16428.91
18-February-2010,16327.84
19-February-2010,16191.63
22-February-2010,16237.05
23-February-2010,16286.32
24-February-2010,16255.97
25-February-2010,16254.2
26-February-2010,16429.55
2-March-2010,16772.56
3-March-2010,17000.01
4-March-2010,16971.7
5-March-2010,16994.49
8-March-2010,17102.6
9-March-2010,17052.54
10-March-2010,17098.33
11-March-2010,17167.96
12-March-2010,17166.62
15-March-2010,17164.99
16-March-2010,17383.18
17-March-2010,17490.08
18-March-2010,17519.26
19-March-2010,17578.23
22-March-2010,17410.57
23-March-2010,17451.02
25-March-2010,17558.85
26-March-2010,17644.76
29-March-2010,17711.35
30-March-2010,17590.17
31-March-2010,17527.77
1-April-2010,17692.62
5-April-2010,17935.68
6-April-2010,17941.37
7-April-2010,17970.02
8-April-2010,17714.4
9-April-2010,17933.14
12-April-2010,17853
13-April-2010,17821.96
15-April-2010,17639.26
16-April-2010,17591.18
19-April-2010,17400.68
20-April-2010,17460.58
21-April-2010,17472.56
22-April-2010,17573.99
23-April-2010,17694.2
26-April-2010,17745.28
27-April-2010,17690.62
28-April-2010,17380.08
29-April-2010,17503.47
30-April-2010,17558.71
3-May-2010,17386.08
4-May-2010,17137.14
5-May-2010,17087.96
6-May-2010,16987.53
7-May-2010,16769.11
10-May-2010,17330.55
11-May-2010,17141.53
12-May-2010,17195.81
13-May-2010,17265.87
14-May-2010,16994.6
17-May-2010,16835.56
18-May-2010,16875.76
19-May-2010,16408.49
20-May-2010,16519.68
21-May-2010,16445.61
24-May-2010,16469.55
25-May-2010,16022.48
26-May-2010,16387.84
27-May-2010,16666.4
28-May-2010,16863.06
31-May-2010,16944.63
1-June-2010,16572.03
2-June-2010,16741.84
3-June-2010,17022.33
4-June-2010,17117.69
7-June-2010,16781.07
8-June-2010,16617.1
9-June-2010,16657.89
10-June-2010,16922.08
11-June-2010,17064.95
14-June-2010,17338.17
15-June-2010,17412.83
16-June-2010,17462.87
17-June-2010,17616.69
18-June-2010,17570.82
21-June-2010,17876.55
22-June-2010,17749.69
23-June-2010,17755.94
24-June-2010,17730.24
25-June-2010,17574.53
28-June-2010,17774.26
29-June-2010,17534.09
30-June-2010,17700.9
1-July-2010,17509.33
2-July-2010,17460.95
5-July-2010,17441.44
6-July-2010,17614.48
7-July-2010,17471.03
8-July-2010,17651.73
9-July-2010,17833.54
12-July-2010,17937.2
13-July-2010,17985.9
14-July-2010,17938.16
15-July-2010,17909.46
16-July-2010,17955.82
19-July-2010,17928.42
20-July-2010,17878.14
21-July-2010,17977.23
22-July-2010,18113.15
23-July-2010,18130.98
26-July-2010,18020.05
27-July-2010,18077.61
28-July-2010,17957.37
29-July-2010,17992
30-July-2010,17868.29
2-August-2010,18081.21
3-August-2010,18114.83
4-August-2010,18217.44
5-August-2010,18172.83
6-August-2010,18143.99
9-August-2010,18287.5
10-August-2010,18219.99
11-August-2010,18070.19
12-August-2010,18073.9
13-August-2010,18167.03
16-August-2010,18050.78
17-August-2010,18048.85
18-August-2010,18257.12
19-August-2010,18454.94
20-August-2010,18401.82
23-August-2010,18409.35
24-August-2010,18311.59
25-August-2010,18179.64
26-August-2010,18226.35
27-August-2010,17998.41
30-August-2010,18032.11
31-August-2010,17971.12
1-September-2010,18205.87
2-September-2010,18238.31
3-September-2010,18221.43
6-September-2010,18560.05
7-September-2010,18645.06
8-September-2010,18666.71
9-September-2010,18799.66
13-September-2010,19208.33
14-September-2010,19346.96
15-September-2010,19502.11
16-September-2010,19417.49
17-September-2010,19594.75
20-September-2010,19906.1
21-September-2010,20001.55
22-September-2010,19941.72
23-September-2010,19861.01
24-September-2010,20045.18
27-September-2010,20117.38
28-September-2010,20104.86
29-September-2010,19956.34
30-September-2010,20069.12
1-October-2010,20445.04
4-October-2010,20475.73
5-October-2010,20407.71
6-October-2010,20543.08
7-October-2010,20315.32
8-October-2010,20250.26
11-October-2010,20339.89
12-October-2010,20203.34
13-October-2010,20687.88
14-October-2010,20497.64
15-October-2010,20125.05
18-October-2010,20168.89
19-October-2010,19983.13
20-October-2010,19872.15
21-October-2010,20260.58
22-October-2010,20165.86
25-October-2010,20303.12
26-October-2010,20221.39
27-October-2010,20005.37
28-October-2010,19941.04
29-October-2010,20032.34
1-November-2010,20355.63
2-November-2010,20345.69
3-November-2010,20465.74
4-November-2010,20893.57
5-November-2010,21004.96
8-November-2010,20852.38
9-November-2010,20932.48
10-November-2010,20875.71
11-November-2010,20589.09
12-November-2010,20156.89
15-November-2010,20309.69
16-November-2010,19865.14
18-November-2010,19930.64
19-November-2010,19585.44
22-November-2010,19957.59
23-November-2010,19691.84
24-November-2010,19459.85
25-November-2010,19318.16
26-November-2010,19136.61
29-November-2010,19405.1
30-November-2010,19521.25
1-December-2010,19850
2-December-2010,19992.7
3-December-2010,19966.93
6-December-2010,19981.31
7-December-2010,19934.64
8-December-2010,19696.48
9-December-2010,19242.36
10-December-2010,19508.89
13-December-2010,19691.78
14-December-2010,19799.19
15-December-2010,19647.77
16-December-2010,19864.85
20-December-2010,19888.88
21-December-2010,20060.32
22-December-2010,20015.8
23-December-2010,19982.88
24-December-2010,20073.66
27-December-2010,20028.93
28-December-2010,20025.42
29-December-2010,20256.03
30-December-2010,20389.07
31-December-2010,20509.09
3-January-2011,20561.05
4-January-2011,20498.72
5-January-2011,20301.1
6-January-2011,20184.74
7-January-2011,19691.81
10-January-2011,19224.12
11-January-2011,19196.34
12-January-2011,19534.1
13-January-2011,19182.82
14-January-2011,18860.44
17-January-2011,18882.25
18-January-2011,19092.05
19-January-2011,18978.32
20-January-2011,19046.54
21-January-2011,19007.53
24-January-2011,19151.28
25-January-2011,18969.45
27-January-2011,18684.43
28-January-2011,18395.97
31-January-2011,18327.76
1-February-2011,18022.22
2-February-2011,18090.62
3-February-2011,18449.31
4-February-2011,18008.15
7-February-2011,18037.19
8-February-2011,17775.7
9-February-2011,17592.77
10-February-2011,17463.04
11-February-2011,17728.61
14-February-2011,18202.2
15-February-2011,18273.8
16-February-2011,18300.9
17-February-2011,18506.82
18-February-2011,18211.52
21-February-2011,18438.31
22-February-2011,18296.16
23-February-2011,18178.33
24-February-2011,17632.41
25-February-2011,17700.91
28-February-2011,17823.4
1-March-2011,18446.5
3-March-2011,18489.76
4-March-2011,18486.45
7-March-2011,18222.67
8-March-2011,18439.65
9-March-2011,18469.95
10-March-2011,18327.98
11-March-2011,18174.09
14-March-2011,18439.48
15-March-2011,18167.64
16-March-2011,18358.69
17-March-2011,18149.87
18-March-2011,17878.81
21-March-2011,17839.05
22-March-2011,17988.3
23-March-2011,18206.16
24-March-2011,18350.74
25-March-2011,18815.64
28-March-2011,18943.14
29-March-2011,19120.8
30-March-2011,19290.18
31-March-2011,19445.22
1-April-2011,19420.39
4-April-2011,19701.73
5-April-2011,19686.82
6-April-2011,19612.2
7-April-2011,19591.18
8-April-2011,19451.45
11-April-2011,19262.54
13-April-2011,19696.86
15-April-2011,19386.82
18-April-2011,19091.17
19-April-2011,19121.83
20-April-2011,19470.98
21-April-2011,19602.23
25-April-2011,19584.31
26-April-2011,19545.35
27-April-2011,19448.69
28-April-2011,19292.02
29-April-2011,19135.96
2-May-2011,18998.02
3-May-2011,18534.69
4-May-2011,18469.36
5-May-2011,18210.58
6-May-2011,18518.81
9-May-2011,18528.96
10-May-2011,18512.77
11-May-2011,18584.96
12-May-2011,18335.79
13-May-2011,18531.28
16-May-2011,18345.03
17-May-2011,18137.35
18-May-2011,18086.2
19-May-2011,18141.4
20-May-2011,18326.09
23-May-2011,17993.33
24-May-2011,18011.97
25-May-2011,17847.24
26-May-2011,18044.64
27-May-2011,18266.1
30-May-2011,18232.06
31-May-2011,18503.28
1-June-2011,18608.81
2-June-2011,18494.18
3-June-2011,18376.48
6-June-2011,18420.11
7-June-2011,18495.62
8-June-2011,18394.29
9-June-2011,18384.9
10-June-2011,18268.54
13-June-2011,18266.03
14-June-2011,18308.66
15-June-2011,18132.24
16-June-2011,17985.88
17-June-2011,17870.53
20-June-2011,17506.63
21-June-2011,17560.3
22-June-2011,17550.63
23-June-2011,17727.49
24-June-2011,18240.68
27-June-2011,18412.41
28-June-2011,18492.45
29-June-2011,18693.86
30-June-2011,18845.87
1-July-2011,18762.8
4-July-2011,18814.48
5-July-2011,18744.56
6-July-2011,18726.97
7-July-2011,19078.3
8-July-2011,18858.04
11-July-2011,18721.39
12-July-2011,18411.62
13-July-2011,18596.02
14-July-2011,18618.2
15-July-2011,18561.92
18-July-2011,18507.04
19-July-2011,18653.87
20-July-2011,18502.38
21-July-2011,18436.19
22-July-2011,18722.3
25-July-2011,18871.29
26-July-2011,18518.22
27-July-2011,18432.25
28-July-2011,18209.52
29-July-2011,18197.2
1-August-2011,18314.33
2-August-2011,18109.89
3-August-2011,17940.55
4-August-2011,17693.18
5-August-2011,17305.87
8-August-2011,16990.18
9-August-2011,16857.91
10-August-2011,17130.51
11-August-2011,17059.4
12-August-2011,16839.63
16-August-2011,16730.94
17-August-2011,16840.8
18-August-2011,16469.79
19-August-2011,16141.67
22-August-2011,16341.7
23-August-2011,16498.47
24-August-2011,16284.98
25-August-2011,16146.33
26-August-2011,15848.83
29-August-2011,16416.33
30-August-2011,16676.75
2-September-2011,16821.46
5-September-2011,16713.33
6-September-2011,16862.81
7-September-2011,17065
8-September-2011,17165.54
9-September-2011,16866.97
12-September-2011,16501.74
13-September-2011,16467.44
14-September-2011,16709.6
15-September-2011,16876.54
16-September-2011,16933.83
19-September-2011,16745.35
20-September-2011,17099.28
21-September-2011,17065.15
22-September-2011,16361.15
23-September-2011,16162.06
26-September-2011,16051.1
27-September-2011,16524.03
28-September-2011,16446.02
29-September-2011,16698.07
30-September-2011,16453.76
3-October-2011,16151.45
4-October-2011,15864.86
5-October-2011,15792.41
7-October-2011,16232.54
10-October-2011,16557.23
11-October-2011,16536.47
12-October-2011,16958.39
13-October-2011,16883.92
14-October-2011,17082.69
17-October-2011,17025.09
18-October-2011,16748.29
19-October-2011,17085.34
20-October-2011,16936.89
21-October-2011,16785.64
24-October-2011,16939.28
25-October-2011,17254.86
26-October-2011,17288.83
28-October-2011,17804.8
31-October-2011,17705.01
1-November-2011,17480.83
2-November-2011,17464.85
3-November-2011,17481.93
4-November-2011,17562.61
8-November-2011,17569.53
9-November-2011,17362.1
11-November-2011,17192.82
14-November-2011,17118.74
15-November-2011,16882.67
16-November-2011,16775.87
17-November-2011,16461.71
18-November-2011,16371.51
21-November-2011,15946.1
22-November-2011,16065.42
23-November-2011,15699.97
24-November-2011,15858.49
25-November-2011,15695.43
28-November-2011,16167.13
29-November-2011,16008.34
30-November-2011,16123.46
1-December-2011,16483.45
2-December-2011,16846.83
5-December-2011,16805.33
7-December-2011,16877.06
8-December-2011,16488.24
9-December-2011,16213.46
12-December-2011,15870.35
13-December-2011,16002.51
14-December-2011,15881.14
15-December-2011,15836.47
16-December-2011,15491.35
19-December-2011,15379.34
20-December-2011,15175.08
21-December-2011,15685.21
22-December-2011,15813.36
23-December-2011,15738.7
26-December-2011,15970.75
27-December-2011,15873.95
28-December-2011,15727.85
29-December-2011,15543.93
30-December-2011,15454.92
2-January-2012,15517.92
3-January-2012,15939.36
4-January-2012,15882.64
5-January-2012,15857.08
6-January-2012,15867.73
7-January-2012,15848.8
9-January-2012,15814.72
10-January-2012,16165.09
11-January-2012,16175.86
12-January-2012,16037.51
13-January-2012,16154.62
16-January-2012,16189.36
17-January-2012,16466.05
18-January-2012,16451.47
19-January-2012,16643.74
20-January-2012,16739.01
23-January-2012,16751.73
24-January-2012,16995.77
25-January-2012,17077.18
27-January-2012,17233.98
30-January-2012,16863.3
31-January-2012,17193.55
1-February-2012,17300.58
2-February-2012,17431.85
3-February-2012,17604.96
6-February-2012,17707.31
7-February-2012,17622.45
8-February-2012,17707.32
9-February-2012,17830.75
10-February-2012,17748.69
13-February-2012,17772.84
14-February-2012,17848.57
15-February-2012,18202.41
16-February-2012,18153.99
17-February-2012,18289.35
21-February-2012,18428.61
22-February-2012,18145.25
23-February-2012,18078.5
24-February-2012,17923.57
27-February-2012,17445.75
28-February-2012,17731.12
29-February-2012,17752.68
1-March-2012,17583.97
2-March-2012,17636.8
3-March-2012,17636.99
5-March-2012,17362.87
6-March-2012,17173.29
7-March-2012,17145.52
9-March-2012,17503.24
12-March-2012,17587.67
13-March-2012,17813.62
14-March-2012,17919.3
15-March-2012,17675.85
16-March-2012,17466.2
19-March-2012,17273.37
20-March-2012,17316.18
21-March-2012,17601.71
22-March-2012,17196.47
23-March-2012,17361.74
26-March-2012,17052.78
27-March-2012,17257.36
28-March-2012,17121.62
29-March-2012,17058.61
30-March-2012,17404.2
2-April-2012,17478.15
3-April-2012,17597.42
4-April-2012,17486.02
9-April-2012,17222.14
10-April-2012,17243.84
11-April-2012,17199.4
12-April-2012,17332.62
13-April-2012,17094.51
16-April-2012,17150.95
17-April-2012,17357.94
18-April-2012,17392.39
19-April-2012,17503.71
20-April-2012,17373.84
23-April-2012,17096.68
24-April-2012,17207.29
25-April-2012,17151.29
26-April-2012,17130.67
27-April-2012,17134.25
28-April-2012,17187.34
30-April-2012,17318.81
2-May-2012,17301.91
3-May-2012,17151.19
4-May-2012,16831.08
7-May-2012,16912.71
8-May-2012,16546.18
9-May-2012,16479.58
10-May-2012,16420.05
11-May-2012,16292.98
14-May-2012,16215.84
15-May-2012,16328.25
16-May-2012,16030.09
17-May-2012,16070.48
18-May-2012,16152.75
21-May-2012,16183.26
22-May-2012,16026.41
23-May-2012,15948.1
24-May-2012,16222.3
25-May-2012,16217.82
28-May-2012,16416.84
29-May-2012,16438.58
30-May-2012,16312.15
31-May-2012,16218.53
1-June-2012,15965.16
4-June-2012,15988.4
5-June-2012,16020.64
6-June-2012,16454.3
7-June-2012,16649.05
8-June-2012,16718.87
11-June-2012,16668.01
12-June-2012,16862.8
13-June-2012,16880.51
14-June-2012,16677.88
15-June-2012,16949.83
18-June-2012,16705.83
19-June-2012,16859.8
20-June-2012,16896.63
21-June-2012,17032.56
22-June-2012,16972.51
25-June-2012,16882.16
26-June-2012,16906.58
27-June-2012,16967.76
28-June-2012,16990.76
29-June-2012,17429.98
2-July-2012,17398.98
3-July-2012,17425.71
4-July-2012,17462.81
5-July-2012,17538.67
6-July-2012,17521.12
9-July-2012,17391.98
10-July-2012,17618.35
11-July-2012,17489.14
12-July-2012,17232.55
13-July-2012,17213.7
16-July-2012,17103.31
17-July-2012,17105.3
18-July-2012,17185.01
19-July-2012,17278.85
20-July-2012,17158.44
23-July-2012,16877.35
24-July-2012,16918.08
25-July-2012,16846.05
26-July-2012,16639.82
27-July-2012,16839.19
30-July-2012,17143.68
31-July-2012,17236.18
1-August-2012,17257.38
2-August-2012,17224.36
3-August-2012,17197.93
6-August-2012,17412.96
7-August-2012,17601.78
8-August-2012,17600.56
9-August-2012,17560.87
10-August-2012,17557.74
13-August-2012,17633.45
14-August-2012,17728.2
16-August-2012,17657.21
17-August-2012,17691.08
21-August-2012,17885.26
22-August-2012,17846.86
23-August-2012,17850.22
24-August-2012,17783.21
27-August-2012,17678.81
28-August-2012,17631.71
29-August-2012,17490.81
30-August-2012,17541.64
31-August-2012,17429.56
3-September-2012,17384.4
4-September-2012,17440.87
5-September-2012,17313.34
6-September-2012,17346.27
7-September-2012,17683.73
8-September-2012,17749.65
10-September-2012,17766.78
11-September-2012,17852.95
12-September-2012,18000.03
13-September-2012,18021.16
14-September-2012,18464.27
17-September-2012,18542.31
18-September-2012,18496.01
20-September-2012,18349.25
21-September-2012,18752.83
24-September-2012,18673.34
25-September-2012,18694.41
26-September-2012,18632.17
27-September-2012,18579.5
28-September-2012,18762.74
1-October-2012,18823.91
3-October-2012,18869.69
4-October-2012,19058.15
5-October-2012,18938.46
8-October-2012,18708.98
9-October-2012,18793.36
10-October-2012,18631.1
11-October-2012,18804.75
12-October-2012,18675.18
15-October-2012,18713.55
16-October-2012,18577.7
17-October-2012,18610.77
18-October-2012,18791.93
19-October-2012,18682.31
22-October-2012,18793.44
23-October-2012,18710.02
25-October-2012,18758.63
26-October-2012,18625.34
29-October-2012,18635.82
30-October-2012,18430.85
31-October-2012,18505.38
1-November-2012,18561.7
2-November-2012,18755.45
5-November-2012,18762.87
6-November-2012,18817.38
7-November-2012,18902.41
8-November-2012,18846.26
9-November-2012,18683.68
12-November-2012,18670.34
13-November-2012,18618.87
15-November-2012,18471.37
16-November-2012,18309.37
19-November-2012,18339
20-November-2012,18329.32
21-November-2012,18460.38
22-November-2012,18517.34
23-November-2012,18506.57
26-November-2012,18537.01
27-November-2012,18842.08
29-November-2012,19170.91
30-November-2012,19339.9
3-December-2012,19305.32
4-December-2012,19348.12
5-December-2012,19391.86
6-December-2012,19486.8
7-December-2012,19424.1
10-December-2012,19409.69
11-December-2012,19387.14
12-December-2012,19355.26
13-December-2012,19229.26
14-December-2012,19317.25
17-December-2012,19244.42
18-December-2012,19364.75
19-December-2012,19476
20-December-2012,19453.92
21-December-2012,19242
24-December-2012,19255.09
26-December-2012,19417.46
27-December-2012,19323.8
28-December-2012,19444.84
31-December-2012,19426.71
1-January-2013,19580.81
2-January-2013,19714.24
3-January-2013,19764.78
4-January-2013,19784.08
7-January-2013,19691.42
8-January-2013,19742.52
9-January-2013,19666.59
10-January-2013,19663.55
11-January-2013,19663.64
14-January-2013,19906.41
15-January-2013,19986.82
16-January-2013,19817.63
17-January-2013,19964.03
18-January-2013,20039.04
21-January-2013,20101.82
22-January-2013,19981.57
23-January-2013,20026.61
24-January-2013,19923.78
25-January-2013,20103.53
28-January-2013,20103.35
29-January-2013,19990.9
30-January-2013,20005
31-January-2013,19894.98
1-February-2013,19781.19
4-February-2013,19751.19
5-February-2013,19659.82
6-February-2013,19639.72
7-February-2013,19580.32
8-February-2013,19484.77
11-February-2013,19460.57
12-February-2013,19561.04
13-February-2013,19608.08
14-February-2013,19497.18
15-February-2013,19468.15
18-February-2013,19501.08
19-February-2013,19635.72
20-February-2013,19642.75
21-February-2013,19325.36
22-February-2013,19317.01
25-February-2013,19331.69
26-February-2013,19015.14
27-February-2013,19152.41
28-February-2013,18861.54
1-March-2013,18918.52
4-March-2013,18877.96
5-March-2013,19143.17
6-March-2013,19252.61
7-March-2013,19413.54
8-March-2013,19683.23
11-March-2013,19646.21
12-March-2013,19564.92
13-March-2013,19362.55
14-March-2013,19570.44
15-March-2013,19427.56
18-March-2013,19293.2
19-March-2013,19008.1
20-March-2013,18884.19
21-March-2013,18792.87
22-March-2013,18735.6
25-March-2013,18681.42
26-March-2013,18704.53
28-March-2013,18835.77
1-April-2013,18864.75
2-April-2013,19040.95
3-April-2013,18801.64
4-April-2013,18509.7
5-April-2013,18450.23
8-April-2013,18437.78
9-April-2013,18226.48
10-April-2013,18414.45
11-April-2013,18542.2
12-April-2013,18242.56
15-April-2013,18357.8
16-April-2013,18744.93
17-April-2013,18731.16
18-April-2013,19016.46
22-April-2013,19169.83
23-April-2013,19179.36
25-April-2013,19406.85
26-April-2013,19286.72
29-April-2013,19387.5
30-April-2013,19504.18
2-May-2013,19735.77
3-May-2013,19575.64
6-May-2013,19673.64
7-May-2013,19888.95
8-May-2013,19990.18
9-May-2013,19939.04
10-May-2013,20082.62
11-May-2013,20122.32
13-May-2013,19691.67
14-May-2013,19722.29
15-May-2013,20212.96
16-May-2013,20247.33
17-May-2013,20286.12
20-May-2013,20223.98
21-May-2013,20111.61
22-May-2013,20062.24
23-May-2013,19674.33
24-May-2013,19704.33
27-May-2013,20030.77
28-May-2013,20160.82
29-May-2013,20147.64
30-May-2013,20215.4
31-May-2013,19760.3
3-June-2013,19610.48
4-June-2013,19545.78
5-June-2013,19568.22
6-June-2013,19519.49
7-June-2013,19429.23
10-June-2013,19441.07
11-June-2013,19143
12-June-2013,19041.13
13-June-2013,18827.16
14-June-2013,19177.93
17-June-2013,19325.87
18-June-2013,19223.28
19-June-2013,19245.7
20-June-2013,18719.29
21-June-2013,18774.24
24-June-2013,18540.89
25-June-2013,18629.15
26-June-2013,18552.12
27-June-2013,18875.95
28-June-2013,19395.81
1-July-2013,19577.39
2-July-2013,19463.82
3-July-2013,19177.76
4-July-2013,19410.84
5-July-2013,19495.82
8-July-2013,19324.77
9-July-2013,19439.48
10-July-2013,19294.12
11-July-2013,19676.06
12-July-2013,19958.47
15-July-2013,20034.48
16-July-2013,19851.23
17-July-2013,19948.73
18-July-2013,20128.41
19-July-2013,20149.85
22-July-2013,20159.12
23-July-2013,20302.13
24-July-2013,20090.68
25-July-2013,19804.76
26-July-2013,19748.19
29-July-2013,19593.28
30-July-2013,19348.34
31-July-2013,19345.7
1-August-2013,19317.19
2-August-2013,19164.02
5-August-2013,19182.26
6-August-2013,18733.04
7-August-2013,18664.88
8-August-2013,18789.34
12-August-2013,18946.98
13-August-2013,19229.84
14-August-2013,19367.59
16-August-2013,18598.18
19-August-2013,18307.52
20-August-2013,18246.04
21-August-2013,17905.91
22-August-2013,18312.94
23-August-2013,18519.44
26-August-2013,18558.13
27-August-2013,17968.08
28-August-2013,17996.15
29-August-2013,18401.04
30-August-2013,18619.72
2-September-2013,18886.13
3-September-2013,18234.66
4-September-2013,18567.55
5-September-2013,18979.76
6-September-2013,19270.06
10-September-2013,19997.09
11-September-2013,19997.45
12-September-2013,19781.88
13-September-2013,19732.76
16-September-2013,19742.47
17-September-2013,19804.03
18-September-2013,19962.16
19-September-2013,20646.64
20-September-2013,20263.71
23-September-2013,19900.96
24-September-2013,19920.21
25-September-2013,19856.24
26-September-2013,19893.85
27-September-2013,19727.27
30-September-2013,19379.77
1-October-2013,19517.15
3-October-2013,19902.07
4-October-2013,19915.95
7-October-2013,19895.1
8-October-2013,19983.61
9-October-2013,20249.26
10-October-2013,20272.91
11-October-2013,20528.59
14-October-2013,20607.54
15-October-2013,20547.62
17-October-2013,20415.51
18-October-2013,20882.89
21-October-2013,20893.89
22-October-2013,20864.97
23-October-2013,20767.88
24-October-2013,20725.43
25-October-2013,20683.52
28-October-2013,20570.28
29-October-2013,20929.01
30-October-2013,21033.97
31-October-2013,21164.52
1-November-2013,21196.81
3-November-2013,21239.36
5-November-2013,20974.79
6-November-2013,20894.94
7-November-2013,20822.77
8-November-2013,20666.15
11-November-2013,20490.96
12-November-2013,20281.91
13-November-2013,20194.4
14-November-2013,20399.42
18-November-2013,20850.74
19-November-2013,20890.82
20-November-2013,20635.13
21-November-2013,20229.05
22-November-2013,20217.39
25-November-2013,20605.08
26-November-2013,20425.02
27-November-2013,20420.26
28-November-2013,20534.91
29-November-2013,20791.93
2-December-2013,20898.01
3-December-2013,20854.92
4-December-2013,20708.71
5-December-2013,20957.81
6-December-2013,20996.53
9-December-2013,21326.42
10-December-2013,21255.26
11-December-2013,21171.41
12-December-2013,20925.61
13-December-2013,20715.58
16-December-2013,20659.52
17-December-2013,20612.14
18-December-2013,20859.86
19-December-2013,20708.62
20-December-2013,21079.72
23-December-2013,21101.03
24-December-2013,21032.71
26-December-2013,21074.59
27-December-2013,21193.58
30-December-2013,21143.01
31-December-2013,21170.68
1-January-2014,21140.48
2-January-2014,20888.33
3-January-2014,20851.33
6-January-2014,20787.3
7-January-2014,20693.24
8-January-2014,20729.38
9-January-2014,20713.37
10-January-2014,20758.49
13-January-2014,21134.21
14-January-2014,21032.88
15-January-2014,21289.49
16-January-2014,21265.18
17-January-2014,21063.62
20-January-2014,21205.05
21-January-2014,21251.12
22-January-2014,21337.67
23-January-2014,21373.66
24-January-2014,21133.56
27-January-2014,20707.45
28-January-2014,20683.51
29-January-2014,20647.3
30-January-2014,20498.25
31-January-2014,20513.85
3-February-2014,20209.26
4-February-2014,20211.93
5-February-2014,20261.03
6-February-2014,20310.74
7-February-2014,20376.56
10-February-2014,20334.27
11-February-2014,20363.37
12-February-2014,20448.49
13-February-2014,20193.35
14-February-2014,20366.82
17-February-2014,20464.06
18-February-2014,20634.21
19-February-2014,20722.97
20-February-2014,20536.64
21-February-2014,20700.75
24-February-2014,20811.44
25-February-2014,20852.47
26-February-2014,20986.99
28-February-2014,21120.12
3-March-2014,20946.65
4-March-2014,21209.73
5-March-2014,21276.86
6-March-2014,21513.87
7-March-2014,21919.79
10-March-2014,21934.83
11-March-2014,21826.42
12-March-2014,21856.22
13-March-2014,21774.61
14-March-2014,21809.8
18-March-2014,21832.61
19-March-2014,21832.86
20-March-2014,21740.09
21-March-2014,21753.75
22-March-2014,21755.32
24-March-2014,22055.48
25-March-2014,22055.21
26-March-2014,22095.3
27-March-2014,22214.37
28-March-2014,22339.97
31-March-2014,22386.27
1-April-2014,22446.44
2-April-2014,22551.49
3-April-2014,22509.07
4-April-2014,22359.5
7-April-2014,22343.45
9-April-2014,22702.34
10-April-2014,22715.33
11-April-2014,22628.96
15-April-2014,22484.93
16-April-2014,22277.23
17-April-2014,22628.84
21-April-2014,22764.83
22-April-2014,22758.37
23-April-2014,22876.54
25-April-2014,22688.07
28-April-2014,22631.61
29-April-2014,22466.19
30-April-2014,22417.8
2-May-2014,22403.89
5-May-2014,22445.12
6-May-2014,22508.42
7-May-2014,22323.9
8-May-2014,22344.04
9-May-2014,22994.23
12-May-2014,23551
13-May-2014,23871.23
14-May-2014,23815.12
15-May-2014,23905.6
16-May-2014,24121.74
19-May-2014,24363.05
20-May-2014,24376.88
21-May-2014,24298.02
22-May-2014,24374.4
23-May-2014,24693.35
26-May-2014,24716.88
27-May-2014,24549.51
28-May-2014,24556.09
29-May-2014,24234.15
30-May-2014,24217.34
2-June-2014,24684.85
3-June-2014,24858.59
4-June-2014,24805.83
5-June-2014,25019.51
6-June-2014,25396.46
9-June-2014,25580.21
10-June-2014,25583.69
11-June-2014,25473.89
12-June-2014,25576.21
13-June-2014,25228.17
16-June-2014,25190.48
17-June-2014,25521.19
18-June-2014,25246.25
19-June-2014,25201.8
20-June-2014,25105.51
23-June-2014,25031.32
24-June-2014,25368.9
25-June-2014,25313.74
26-June-2014,25062.67
27-June-2014,25099.92
30-June-2014,25413.78
1-July-2014,25516.35
2-July-2014,25841.21
3-July-2014,25823.75
4-July-2014,25962.06
7-July-2014,26100.08
8-July-2014,25582.11
9-July-2014,25444.81
10-July-2014,25372.75
11-July-2014,25024.35
14-July-2014,25006.98
15-July-2014,25228.65
16-July-2014,25549.72
17-July-2014,25561.16
18-July-2014,25641.56
21-July-2014,25715.17
22-July-2014,26025.8
23-July-2014,26147.33
24-July-2014,26271.85
25-July-2014,26126.75
28-July-2014,25991.23
30-July-2014,26087.42
31-July-2014,25894.97
1-August-2014,25480.84
4-August-2014,25723.16
5-August-2014,25908.01
6-August-2014,25665.27
7-August-2014,25589.01
8-August-2014,25329.14
11-August-2014,25519.24
12-August-2014,25880.77
13-August-2014,25918.95
14-August-2014,26103.23
18-August-2014,26390.96
19-August-2014,26420.67
20-August-2014,26314.29
21-August-2014,26360.11
22-August-2014,26419.55
25-August-2014,26437.02
26-August-2014,26442.81
27-August-2014,26560.15
28-August-2014,26638.11
1-September-2014,26867.55
2-September-2014,27019.39
3-September-2014,27139.94
4-September-2014,27085.93
5-September-2014,27026.7
8-September-2014,27319.85
9-September-2014,27265.32
10-September-2014,27057.41
11-September-2014,26995.87
12-September-2014,27061.04
15-September-2014,26816.56
16-September-2014,26492.51
17-September-2014,26631.29
18-September-2014,27112.21
19-September-2014,27090.42
22-September-2014,27206.74
23-September-2014,26775.69
24-September-2014,26744.69
25-September-2014,26468.36
26-September-2014,26626.32
29-September-2014,26597.11
30-September-2014,26630.51
1-October-2014,26567.99
7-October-2014,26271.97
8-October-2014,26246.79
9-October-2014,26637.28
10-October-2014,26297.38
13-October-2014,26384.07
14-October-2014,26349.33
16-October-2014,25999.34
17-October-2014,26108.53
20-October-2014,26429.85
21-October-2014,26575.65
22-October-2014,26787.23
23-October-2014,26851.05
27-October-2014,26752.9
28-October-2014,26880.82
29-October-2014,27098.17
30-October-2014,27346.33
31-October-2014,27865.83
3-November-2014,27860.38
5-November-2014,27915.88
7-November-2014,27868.63
10-November-2014,27874.73
11-November-2014,27910.06
12-November-2014,28008.9
13-November-2014,27940.64
14-November-2014,28046.66
17-November-2014,28177.88
18-November-2014,28163.29
19-November-2014,28032.85
20-November-2014,28067.56
21-November-2014,28334.63
24-November-2014,28499.54
25-November-2014,28338.05
26-November-2014,28386.19
27-November-2014,28438.91
28-November-2014,28693.99
1-December-2014,28559.62
2-December-2014,28444.01
3-December-2014,28442.71
4-December-2014,28562.82
5-December-2014,28458.1
8-December-2014,28119.4
9-December-2014,27797.01
10-December-2014,27831.1
11-December-2014,27602.01
12-December-2014,27350.68
15-December-2014,27319.56
16-December-2014,26781.44
17-December-2014,26710.13
18-December-2014,27126.57
19-December-2014,27371.84
22-December-2014,27701.79
23-December-2014,27506.46
24-December-2014,27208.61
26-December-2014,27241.78
29-December-2014,27395.73
30-December-2014,27403.54
31-December-2014,27499.42
1-January-2015,27507.54
2-January-2015,27887.9
5-January-2015,27842.32
6-January-2015,26987.46
7-January-2015,26908.82
8-January-2015,27274.71
9-January-2015,27458.38
12-January-2015,27585.27
13-January-2015,27425.73
14-January-2015,27346.82
15-January-2015,28075.55
16-January-2015,28121.89
19-January-2015,28262.01
20-January-2015,28784.67
21-January-2015,28888.86
22-January-2015,29006.02
23-January-2015,29278.84
27-January-2015,29571.04
28-January-2015,29559.18
29-January-2015,29681.77
30-January-2015,29182.95
2-February-2015,29122.27
3-February-2015,29000.14
4-February-2015,28883.11
5-February-2015,28850.97
6-February-2015,28717.91
9-February-2015,28227.39
10-February-2015,28355.62
11-February-2015,28533.97
12-February-2015,28805.1
13-February-2015,29094.93
16-February-2015,29135.88
18-February-2015,29320.26
19-February-2015,29462.27
20-February-2015,29231.41
23-February-2015,28975.11
24-February-2015,29004.66
25-February-2015,29007.99
26-February-2015,28746.65
27-February-2015,29220.12
28-February-2015,29361.5
2-March-2015,29459.14
3-March-2015,29593.73
4-March-2015,29380.73
5-March-2015,29448.95
9-March-2015,28844.78
10-March-2015,28709.87
11-March-2015,28659.17
12-March-2015,28930.41
13-March-2015,28503.3
16-March-2015,28437.71
17-March-2015,28736.38
18-March-2015,28622.12
19-March-2015,28469.67
20-March-2015,28261.08
23-March-2015,28192.02
24-March-2015,28161.72
25-March-2015,28111.83
26-March-2015,27457.58
27-March-2015,27458.64
30-March-2015,27975.86
31-March-2015,27957.49
1-April-2015,28260.14
6-April-2015,28504.46
7-April-2015,28516.59
8-April-2015,28707.75
9-April-2015,28885.21
10-April-2015,28879.38
13-April-2015,29044.44
15-April-2015,28799.69
16-April-2015,28666.04
17-April-2015,28442.1
20-April-2015,27886.21
21-April-2015,27676.04
22-April-2015,27890.13
23-April-2015,27735.02
24-April-2015,27437.94
27-April-2015,27176.99
28-April-2015,27396.38
29-April-2015,27225.93
30-April-2015,27011.31
4-May-2015,27490.59
5-May-2015,27440.14
6-May-2015,26717.37
7-May-2015,26599.11
8-May-2015,27105.39
11-May-2015,27507.3
12-May-2015,26877.48
13-May-2015,27251.1
14-May-2015,27206.06
15-May-2015,27324
18-May-2015,27687.3
19-May-2015,27645.53
20-May-2015,27837.21
21-May-2015,27809.35
22-May-2015,27957.5
25-May-2015,27643.88
26-May-2015,27531.41
27-May-2015,27564.66
28-May-2015,27506.71
29-May-2015,27828.44
1-June-2015,27848.99
2-June-2015,27188.38
3-June-2015,26837.2
4-June-2015,26813.42
5-June-2015,26768.49
8-June-2015,26523.09
9-June-2015,26481.25
10-June-2015,26840.5
11-June-2015,26370.98
12-June-2015,26425.3
15-June-2015,26586.55
16-June-2015,26686.51
17-June-2015,26832.66
18-June-2015,27115.83
19-June-2015,27316.17
22-June-2015,27730.21
23-June-2015,27804.37
24-June-2015,27729.67
25-June-2015,27895.97
26-June-2015,27811.84
29-June-2015,27645.15
30-June-2015,27780.83
1-July-2015,28020.87
2-July-2015,27945.8
3-July-2015,28092.79
6-July-2015,28208.76
7-July-2015,28171.69
8-July-2015,27687.72
9-July-2015,27573.66
10-July-2015,27661.4
13-July-2015,27961.19
14-July-2015,27932.9
15-July-2015,28198.29
16-July-2015,28446.12
17-July-2015,28463.31
20-July-2015,28420.12
21-July-2015,28182.14
22-July-2015,28504.93
23-July-2015,28370.84
24-July-2015,28112.31
27-July-2015,27561.38
28-July-2015,27459.23
29-July-2015,27563.43
30-July-2015,27705.35
31-July-2015,28114.56
3-August-2015,28187.06
4-August-2015,28071.93
5-August-2015,28223.08
6-August-2015,28298.13
7-August-2015,28236.39
10-August-2015,28101.72
11-August-2015,27866.09
12-August-2015,27512.26
13-August-2015,27549.53
14-August-2015,28067.31
17-August-2015,27878.27
18-August-2015,27831.54
19-August-2015,27931.64
20-August-2015,27607.82
21-August-2015,27366.07
24-August-2015,25741.56
25-August-2015,26032.38
26-August-2015,25714.66
27-August-2015,26231.19
28-August-2015,26392.38
31-August-2015,26283.09
1-September-2015,25696.44
2-September-2015,25453.56
3-September-2015,25764.78
4-September-2015,25201.9
7-September-2015,24893.81
8-September-2015,25317.87
9-September-2015,25719.58
10-September-2015,25622.17
11-September-2015,25610.21
14-September-2015,25856.7
15-September-2015,25705.93
16-September-2015,25963.97
18-September-2015,26218.91
21-September-2015,26192.98
22-September-2015,25651.84
23-September-2015,25822.99
24-September-2015,25863.5
28-September-2015,25616.84
29-September-2015,25778.66
30-September-2015,26154.83
1-October-2015,26220.95
5-October-2015,26785.55
6-October-2015,26932.88
7-October-2015,27035.85
8-October-2015,26845.81
9-October-2015,27079.51
12-October-2015,26904.11
13-October-2015,26846.53
14-October-2015,26779.66
15-October-2015,27010.14
16-October-2015,27214.6
19-October-2015,27364.92
20-October-2015,27306.83
21-October-2015,27287.66
23-October-2015,27470.81
26-October-2015,27361.96
27-October-2015,27253.44
28-October-2015,27039.76
29-October-2015,26838.14
30-October-2015,26656.83
2-November-2015,26559.15
3-November-2015,26590.59
4-November-2015,26552.92
5-November-2015,26304.2
6-November-2015,26265.24
9-November-2015,26121.4
10-November-2015,25743.26
11-November-2015,25866.95
13-November-2015,25610.53
16-November-2015,25760.1
17-November-2015,25864.47
18-November-2015,25482.52
19-November-2015,25841.92
20-November-2015,25868.49
23-November-2015,25819.34
24-November-2015,25775.74
26-November-2015,25958.63
27-November-2015,26128.2
30-November-2015,26145.67
1-December-2015,26169.41
2-December-2015,26117.85
3-December-2015,25886.62
4-December-2015,25638.11
7-December-2015,25530.11
8-December-2015,25310.33
9-December-2015,25036.05
10-December-2015,25252.32
11-December-2015,25044.43
14-December-2015,25150.35
15-December-2015,25320.44
16-December-2015,25494.37
17-December-2015,25803.78
18-December-2015,25519.22
21-December-2015,25735.9
22-December-2015,25590.65
23-December-2015,25850.3
24-December-2015,25838.71
28-December-2015,26034.13
29-December-2015,26079.48
30-December-2015,25960.03
31-December-2015,26117.54
1-January-2016,26160.9
4-January-2016,25623.35
5-January-2016,25580.34
6-January-2016,25406.33
7-January-2016,24851.83
8-January-2016,24934.33
11-January-2016,24825.04
12-January-2016,24682.03
13-January-2016,24854.11
14-January-2016,24772.97
15-January-2016,24455.04
18-January-2016,24188.37
19-January-2016,24479.84
20-January-2016,24062.04
21-January-2016,23962.21
22-January-2016,24435.66
25-January-2016,24485.95
27-January-2016,24492.39
28-January-2016,24469.57
29-January-2016,24870.69
1-February-2016,24824.83
2-February-2016,24539
3-February-2016,24223.32
4-February-2016,24338.43
5-February-2016,24616.97
8-February-2016,24287.42
9-February-2016,24020.98
10-February-2016,23758.9
11-February-2016,22951.83
12-February-2016,22986.12
15-February-2016,23554.12
16-February-2016,23191.97
17-February-2016,23381.87
18-February-2016,23649.22
19-February-2016,23709.15
22-February-2016,23788.79
23-February-2016,23410.18
24-February-2016,23088.93
25-February-2016,22976
26-February-2016,23154.3
29-February-2016,23002
1-March-2016,23779.35
2-March-2016,24242.98
3-March-2016,24606.99
4-March-2016,24646.48
8-March-2016,24659.23
9-March-2016,24793.96
10-March-2016,24623.34
11-March-2016,24717.99
14-March-2016,24804.28
15-March-2016,24551.17
16-March-2016,24682.48
17-March-2016,24677.37
18-March-2016,24952.74
21-March-2016,25285.37
22-March-2016,25330.49
23-March-2016,25337.56
28-March-2016,24966.4
29-March-2016,24900.46
30-March-2016,25338.58
31-March-2016,25341.86
1-April-2016,25269.64
4-April-2016,25399.65
5-April-2016,24883.59
6-April-2016,24900.63
7-April-2016,24685.42
8-April-2016,24673.84
11-April-2016,25022.16
12-April-2016,25145.59
13-April-2016,25626.75
18-April-2016,25816.36
20-April-2016,25844.18
21-April-2016,25880.38
22-April-2016,25838.14
25-April-2016,25678.93
26-April-2016,26007.3
27-April-2016,26064.12
28-April-2016,25603.1
29-April-2016,25606.62
2-May-2016,25436.97
3-May-2016,25229.7
4-May-2016,25101.73
5-May-2016,25262.21
6-May-2016,25228.5
9-May-2016,25688.86
10-May-2016,25772.53
11-May-2016,25597.02
12-May-2016,25790.22
13-May-2016,25489.57
16-May-2016,25653.23
17-May-2016,25773.61
18-May-2016,25704.61
19-May-2016,25399.72
20-May-2016,25301.9
23-May-2016,25230.36
24-May-2016,25305.47
25-May-2016,25881.17
26-May-2016,26366.68
27-May-2016,26653.6
30-May-2016,26725.6
31-May-2016,26667.96
1-June-2016,26713.93
2-June-2016,26843.14
3-June-2016,26843.03
6-June-2016,26777.45
7-June-2016,27009.67
8-June-2016,27020.66
9-June-2016,26763.46
10-June-2016,26635.75
13-June-2016,26396.77
14-June-2016,26395.71
15-June-2016,26726.34
16-June-2016,26525.46
17-June-2016,26625.91
20-June-2016,26866.92
21-June-2016,26812.78
22-June-2016,26765.65
23-June-2016,27002.22
24-June-2016,26397.71
27-June-2016,26402.96
28-June-2016,26524.55
29-June-2016,26740.39
30-June-2016,26999.72
1-July-2016,27144.91
4-July-2016,27278.76
5-July-2016,27166.87
7-July-2016,27201.49
8-July-2016,27126.9
11-July-2016,27626.69
12-July-2016,27808.14
13-July-2016,27815.18
14-July-2016,27942.11
15-July-2016,27836.5
18-July-2016,27746.66
19-July-2016,27787.62
20-July-2016,27915.89
21-July-2016,27710.52
22-July-2016,27803.24
25-July-2016,28095.34
26-July-2016,27976.52
27-July-2016,28024.33
28-July-2016,28208.62
29-July-2016,28051.86
1-August-2016,28003.12
2-August-2016,27981.71
3-August-2016,27697.51
4-August-2016,27714.37
5-August-2016,28078.35
8-August-2016,28182.57
9-August-2016,28085.16
10-August-2016,27774.88
11-August-2016,27859.6
12-August-2016,28152.4
16-August-2016,28064.61
17-August-2016,28005.37
18-August-2016,28123.44
19-August-2016,28077
22-August-2016,27985.54
23-August-2016,27990.21
24-August-2016,28059.94
25-August-2016,27835.91
26-August-2016,27782.25
29-August-2016,27902.66
30-August-2016,28343.01
31-August-2016,28452.17
1-September-2016,28423.48
2-September-2016,28532.11
6-September-2016,28978.02
7-September-2016,28926.36
8-September-2016,29045.28
9-September-2016,28797.25
12-September-2016,28353.54
14-September-2016,28372.23
15-September-2016,28412.89
16-September-2016,28599.03
19-September-2016,28634.5
20-September-2016,28523.2
21-September-2016,28507.42
22-September-2016,28773.13
23-September-2016,28668.22
26-September-2016,28294.28
27-September-2016,28223.7
28-September-2016,28292.81
29-September-2016,27827.53
30-September-2016,27865.96
3-October-2016,28243.29
4-October-2016,28334.55
5-October-2016,28220.98
6-October-2016,28106.21
7-October-2016,28061.14
10-October-2016,28082.34
13-October-2016,27643.11
14-October-2016,27673.6
17-October-2016,27529.97
18-October-2016,28050.88
19-October-2016,27984.37
20-October-2016,28129.84
21-October-2016,28077.18
24-October-2016,28179.08
25-October-2016,28091.42
26-October-2016,27836.51
27-October-2016,27915.9
28-October-2016,27941.51
30-October-2016,27930.21
1-November-2016,27876.61
2-November-2016,27527.22
3-November-2016,27430.28
4-November-2016,27274.15
7-November-2016,27458.99
8-November-2016,27591.14
9-November-2016,27252.53
10-November-2016,27517.68
11-November-2016,26818.82
15-November-2016,26304.63
16-November-2016,26298.69
17-November-2016,26227.62
18-November-2016,26150.24
21-November-2016,25765.14
22-November-2016,25960.78
23-November-2016,26051.81
24-November-2016,25860.17
25-November-2016,26316.34
28-November-2016,26350.17
29-November-2016,26394.01
30-November-2016,26652.81
1-December-2016,26559.92
2-December-2016,26230.66
5-December-2016,26349.1
6-December-2016,26392.76
7-December-2016,26236.87
8-December-2016,26694.28
9-December-2016,26747.18
12-December-2016,26515.24
13-December-2016,26697.82
14-December-2016,26602.84
15-December-2016,26519.07
16-December-2016,26489.56
19-December-2016,26374.7
20-December-2016,26307.98
21-December-2016,26242.38
22-December-2016,25979.6
23-December-2016,26040.7
26-December-2016,25807.1
27-December-2016,26213.44
28-December-2016,26210.68
29-December-2016,26366.15
30-December-2016,26626.46
2-January-2017,26595.45
3-January-2017,26643.24
4-January-2017,26633.13
5-January-2017,26878.24
6-January-2017,26759.23
9-January-2017,26726.55
10-January-2017,26899.56
11-January-2017,27140.41
12-January-2017,27247.16
13-January-2017,27238.06
16-January-2017,27288.17
17-January-2017,27235.66
18-January-2017,27257.64
19-January-2017,27308.6
20-January-2017,27034.5
23-January-2017,27117.34
24-January-2017,27375.58
25-January-2017,27708.14
27-January-2017,27882.46
30-January-2017,27849.56
31-January-2017,27655.96
1-February-2017,28141.64
2-February-2017,28226.61
3-February-2017,28240.52
6-February-2017,28439.28
7-February-2017,28335.16
8-February-2017,28289.92
9-February-2017,28329.7
10-February-2017,28334.25
13-February-2017,28351.62
14-February-2017,28339.31
15-February-2017,28155.56
16-February-2017,28301.27
17-February-2017,28468.75
20-February-2017,28661.58
21-February-2017,28761.59
22-February-2017,28864.71
23-February-2017,28892.97
27-February-2017,28812.88
28-February-2017,28743.32
1-March-2017,28984.49
2-March-2017,28839.79
3-March-2017,28832.45
6-March-2017,29048.19
7-March-2017,28999.56
8-March-2017,28901.94
9-March-2017,28929.13
10-March-2017,28946.23
14-March-2017,29442.63
15-March-2017,29398.11
16-March-2017,29585.85
17-March-2017,29648.99
20-March-2017,29518.74
21-March-2017,29485.45
22-March-2017,29167.68
23-March-2017,29332.16
24-March-2017,29421.4
27-March-2017,29237.15
28-March-2017,29409.52
29-March-2017,29531.43
30-March-2017,29647.42
31-March-2017,29620.5
3-April-2017,29910.22
5-April-2017,29974.24
6-April-2017,29927.34
7-April-2017,29706.61
10-April-2017,29575.74
11-April-2017,29788.35
12-April-2017,29643.48
13-April-2017,29461.45
17-April-2017,29413.66
18-April-2017,29319.1
19-April-2017,29336.57
20-April-2017,29422.39
21-April-2017,29365.3
24-April-2017,29655.84
25-April-2017,29943.24
26-April-2017,30133.35
27-April-2017,30029.74
28-April-2017,29918.4
2-May-2017,29921.18
3-May-2017,29894.8
4-May-2017,30126.21
5-May-2017,29858.8
8-May-2017,29926.15
9-May-2017,29933.25
10-May-2017,30248.17
11-May-2017,30250.98
12-May-2017,30188.15
15-May-2017,30322.12
16-May-2017,30582.6
17-May-2017,30658.77
18-May-2017,30434.79
19-May-2017,30464.92
22-May-2017,30570.97
23-May-2017,30365.25
24-May-2017,30301.64
25-May-2017,30750.03
26-May-2017,31028.21
29-May-2017,31109.28
30-May-2017,31159.4
31-May-2017,31145.8
1-June-2017,31137.59
2-June-2017,31273.29
5-June-2017,31309.49
6-June-2017,31190.56
7-June-2017,31271.28
8-June-2017,31213.36
9-June-2017,31262.06
12-June-2017,31095.7
13-June-2017,31103.49
14-June-2017,31155.91
15-June-2017,31075.73
16-June-2017,31056.4
19-June-2017,31311.57
20-June-2017,31297.53
21-June-2017,31283.64
22-June-2017,31290.74
23-June-2017,31138.21
27-June-2017,30958.25
28-June-2017,30834.32
29-June-2017,30857.52
30-June-2017,30921.61
3-July-2017,31221.62
4-July-2017,31209.79
5-July-2017,31245.56
6-July-2017,31369.34
7-July-2017,31360.63
10-July-2017,31715.64
11-July-2017,31747.09
12-July-2017,31804.82
13-July-2017,32037.38
14-July-2017,32020.75
17-July-2017,32074.78
18-July-2017,31710.99
19-July-2017,31955.35
20-July-2017,31904.4
21-July-2017,32028.89
24-July-2017,32245.87
25-July-2017,32228.27
26-July-2017,32382.46
27-July-2017,32383.3
28-July-2017,32309.88
31-July-2017,32514.94
1-August-2017,32575.17
2-August-2017,32476.74
3-August-2017,32237.88
4-August-2017,32325.41
7-August-2017,32273.67
8-August-2017,32014.19
9-August-2017,31797.84
10-August-2017,31531.33
11-August-2017,31213.59
14-August-2017,31449.03
16-August-2017,31770.89
17-August-2017,31795.46
18-August-2017,31524.68
21-August-2017,31258.85
22-August-2017,31291.85
23-August-2017,31568.01
24-August-2017,31596.06
28-August-2017,31750.82
29-August-2017,31388.39
30-August-2017,31646.46
31-August-2017,31730.49
1-September-2017,31892.23
4-September-2017,31702.25
5-September-2017,31809.55
6-September-2017,31661.97
7-September-2017,31662.74
8-September-2017,31687.52
11-September-2017,31882.16
12-September-2017,32158.66
13-September-2017,32186.41
14-September-2017,32241.93
15-September-2017,32272.61
18-September-2017,32423.76
19-September-2017,32402.37
20-September-2017,32400.51
21-September-2017,32370.04
22-September-2017,31922.44
25-September-2017,31626.63
26-September-2017,31599.76
27-September-2017,31159.81
28-September-2017,31282.48
29-September-2017,31283.72
3-October-2017,31497.38
4-October-2017,31671.71
5-October-2017,31592.03
6-October-2017,31814.22
9-October-2017,31846.89
10-October-2017,31924.41
11-October-2017,31833.99
12-October-2017,32182.22
13-October-2017,32432.69
16-October-2017,32633.64
17-October-2017,32609.16
18-October-2017,32584.35
19-October-2017,32389.96
23-October-2017,32506.72
24-October-2017,32607.34
25-October-2017,33042.5
26-October-2017,33147.13
27-October-2017,33157.22
30-October-2017,33266.16
31-October-2017,33213.13
1-November-2017,33600.27
2-November-2017,33573.22
3-November-2017,33685.56
6-November-2017,33731.19
7-November-2017,33370.76
8-November-2017,33218.81
9-November-2017,33250.93
10-November-2017,33314.56
13-November-2017,33033.56
14-November-2017,32941.87
15-November-2017,32760.44
16-November-2017,33106.82
17-November-2017,33342.8
20-November-2017,33359.9
21-November-2017,33478.35
22-November-2017,33561.55
23-November-2017,33588.08
24-November-2017,33679.24
27-November-2017,33724.44
28-November-2017,33618.59
29-November-2017,33602.76
30-November-2017,33149.35
1-December-2017,32832.94
4-December-2017,32869.72
5-December-2017,32802.44
6-December-2017,32597.18
7-December-2017,32949.21
8-December-2017,33250.3
11-December-2017,33455.79
12-December-2017,33227.99
13-December-2017,33053.04
14-December-2017,33246.7
15-December-2017,33462.97
18-December-2017,33601.68
19-December-2017,33836.74
20-December-2017,33777.38
21-December-2017,33756.28
22-December-2017,33940.3
26-December-2017,34010.61
27-December-2017,33911.81
28-December-2017,33848.03
29-December-2017,34056.83
1-January-2018,33812.75
2-January-2018,33812.26
3-January-2018,33793.38
4-January-2018,33969.64
5-January-2018,34153.85
8-January-2018,34352.79
9-January-2018,34443.19
10-January-2018,34433.07
11-January-2018,34503.49
12-January-2018,34592.39
15-January-2018,34843.51
16-January-2018,34771.05
17-January-2018,35081.82
18-January-2018,35260.29
19-January-2018,35511.58
22-January-2018,35798.01
23-January-2018,36139.98
24-January-2018,36161.64
25-January-2018,36050.44
29-January-2018,36283.25
30-January-2018,36033.73
31-January-2018,35965.02
1-February-2018,35906.66
2-February-2018,35066.75
5-February-2018,34757.16
6-February-2018,34195.94
7-February-2018,34082.71
8-February-2018,34413.16
9-February-2018,34005.76
12-February-2018,34300.47
14-February-2018,34155.95
15-February-2018,34297.47
16-February-2018,34010.76
19-February-2018,33774.66
20-February-2018,33703.59
21-February-2018,33844.86
22-February-2018,33819.5
23-February-2018,34142.15
26-February-2018,34445.75
27-February-2018,34346.39
28-February-2018,34184.04
1-March-2018,34046.94
5-March-2018,33746.78
6-March-2018,33317.2
7-March-2018,33033.09
8-March-2018,33351.57
9-March-2018,33307.14
12-March-2018,33917.94
13-March-2018,33856.78
14-March-2018,33835.74
15-March-2018,33685.54
16-March-2018,33176
19-March-2018,32923.12
20-March-2018,32996.76
21-March-2018,33136.18
22-March-2018,33006.27
23-March-2018,32596.54
26-March-2018,33066.41
27-March-2018,33174.39
28-March-2018,32968.68
2-April-2018,33255.36
3-April-2018,33370.63
4-April-2018,33019.07
5-April-2018,33596.8
6-April-2018,33626.97
9-April-2018,33788.54
10-April-2018,33880.25
11-April-2018,33940.44
12-April-2018,34101.13
13-April-2018,34192.65
16-April-2018,34305.43
17-April-2018,34395.06
18-April-2018,34331.68
19-April-2018,34427.29
20-April-2018,34415.58
23-April-2018,34450.77
24-April-2018,34616.64
25-April-2018,34501.27
26-April-2018,34713.6
27-April-2018,34969.7
30-April-2018,35160.36
2-May-2018,35176.42
3-May-2018,35103.14
4-May-2018,34915.38
7-May-2018,35208.14
8-May-2018,35216.32
9-May-2018,35319.35
10-May-2018,35246.27
11-May-2018,35535.79
14-May-2018,35556.71
15-May-2018,35543.94
16-May-2018,35387.88
17-May-2018,35149.12
18-May-2018,34848.3
21-May-2018,34616.13
22-May-2018,34651.24
23-May-2018,34344.91
24-May-2018,34663.11
25-May-2018,34924.87
28-May-2018,35165.48
29-May-2018,34949.24
30-May-2018,34906.11
31-May-2018,35322.38
1-June-2018,35227.26
4-June-2018,35011.89
5-June-2018,34903.21
6-June-2018,35178.88
7-June-2018,35463.08
8-June-2018,35443.67
11-June-2018,35483.47
12-June-2018,35692.52
13-June-2018,35739.16
14-June-2018,35599.82
15-June-2018,35622.14
18-June-2018,35548.26
19-June-2018,35286.74
20-June-2018,35547.33
21-June-2018,35432.39
22-June-2018,35689.6
25-June-2018,35470.35
26-June-2018,35490.04
27-June-2018,35217.11
28-June-2018,35037.64
29-June-2018,35423.48
2-July-2018,35264.41
3-July-2018,35378.6
4-July-2018,35645.4
5-July-2018,35574.55
6-July-2018,35657.86
9-July-2018,35934.72
10-July-2018,36239.62
11-July-2018,36265.93
12-July-2018,36548.41
13-July-2018,36541.63
16-July-2018,36323.77
17-July-2018,36519.96
18-July-2018,36373.44
19-July-2018,36351.23
20-July-2018,36496.37
23-July-2018,36718.6
24-July-2018,36825.1
25-July-2018,36858.23
26-July-2018,36984.64
27-July-2018,37336.85
30-July-2018,37494.4
31-July-2018,37606.58
1-August-2018,37521.62
2-August-2018,37165.16
3-August-2018,37556.16
6-August-2018,37691.89
7-August-2018,37665.8
8-August-2018,37887.56
9-August-2018,38024.37
10-August-2018,37869.23
13-August-2018,37644.9
14-August-2018,37852
16-August-2018,37663.56
17-August-2018,37947.88
20-August-2018,38278.75
21-August-2018,38285.75
23-August-2018,38336.76
24-August-2018,38251.8
27-August-2018,38694.11
28-August-2018,38896.63
29-August-2018,38722.93
30-August-2018,38690.1
31-August-2018,38645.07
3-September-2018,38312.52
4-September-2018,38157.92
5-September-2018,38018.31
6-September-2018,38242.81
7-September-2018,38389.82
10-September-2018,37922.17
11-September-2018,37413.13
12-September-2018,37717.96
14-September-2018,38090.64
17-September-2018,37585.51
18-September-2018,37290.67
19-September-2018,37121.22
21-September-2018,36841.6
24-September-2018,36305.02
25-September-2018,36652.06
26-September-2018,36542.27
27-September-2018,36324.17
28-September-2018,36227.14
1-October-2018,36526.14
3-October-2018,35975.63
4-October-2018,35169.16
5-October-2018,34376.99
8-October-2018,34474.38
9-October-2018,34299.47
10-October-2018,34760.89
11-October-2018,34001.15
12-October-2018,34733.58
15-October-2018,34865.1
16-October-2018,35162.48
17-October-2018,34779.58
19-October-2018,34315.63
22-October-2018,34134.38
23-October-2018,33847.23
24-October-2018,34033.96
25-October-2018,33690.09
26-October-2018,33349.31
29-October-2018,34067.4
30-October-2018,33891.13
31-October-2018,34442.05
1-November-2018,34431.97
2-November-2018,35011.65
5-November-2018,34950.92
6-November-2018,34991.91
7-November-2018,35237.68
9-November-2018,35158.55
12-November-2018,34812.99
13-November-2018,35144.49
14-November-2018,35141.99
15-November-2018,35260.54
16-November-2018,35457.16
19-November-2018,35774.88
20-November-2018,35474.51
21-November-2018,35199.8
22-November-2018,34981.02
26-November-2018,35354.08
27-November-2018,35513.14
28-November-2018,35716.95
29-November-2018,36170.41
30-November-2018,36194.3
3-December-2018,36241
4-December-2018,36134.31
5-December-2018,35884.41
6-December-2018,35312.13
7-December-2018,35673.25
10-December-2018,34959.72
11-December-2018,35150.01
12-December-2018,35779.07
13-December-2018,35929.64
14-December-2018,35962.93
17-December-2018,36270.07
18-December-2018,36347.08
19-December-2018,36484.33
20-December-2018,36431.67
21-December-2018,35742.07
24-December-2018,35470.15
26-December-2018,35649.94
27-December-2018,35807.28
28-December-2018,36076.72
31-December-2018,36068.33
1-January-2019,36254.57
2-January-2019,35891.52
3-January-2019,35513.71
4-January-2019,35695.1
7-January-2019,35850.16
8-January-2019,35980.93
9-January-2019,36212.91
10-January-2019,36106.5
11-January-2019,36009.84
14-January-2019,35853.56
15-January-2019,36318.33
16-January-2019,36321.29
17-January-2019,36374.08
18-January-2019,36386.61
21-January-2019,36578.96
22-January-2019,36444.64
23-January-2019,36108.47
24-January-2019,36195.1
25-January-2019,36025.54
28-January-2019,35656.7
29-January-2019,35592.5
30-January-2019,35591.25
31-January-2019,36256.69
1-February-2019,36469.43
4-February-2019,36582.74
5-February-2019,36616.81
6-February-2019,36975.23
7-February-2019,36971.09
8-February-2019,36546.48
11-February-2019,36395.03
12-February-2019,36153.62
13-February-2019,36034.11
14-February-2019,35876.22
15-February-2019,35808.95
18-February-2019,35498.44
19-February-2019,35352.61
20-February-2019,35756.26
21-February-2019,35898.35
22-February-2019,35871.48
25-February-2019,36213.38
26-February-2019,35973.71
27-February-2019,35905.43
28-February-2019,35867.44
1-March-2019,36063.81
5-March-2019,36442.54
6-March-2019,36636.1
7-March-2019,36725.42
8-March-2019,36671.43
11-March-2019,37054.1
12-March-2019,37535.66
13-March-2019,37752.17
14-March-2019,37754.89
15-March-2019,38024.32
18-March-2019,38095.07
19-March-2019,38363.47
20-March-2019,38386.75
22-March-2019,38164.61
25-March-2019,37808.91
26-March-2019,38233.41
27-March-2019,38132.88
28-March-2019,38545.72
29-March-2019,38672.91
1-April-2019,38871.87
2-April-2019,39056.65
3-April-2019,38877.12
4-April-2019,38684.72
5-April-2019,38862.23
8-April-2019,38700.53
9-April-2019,38939.22
10-April-2019,38585.35
11-April-2019,38607.01
12-April-2019,38767.11
15-April-2019,38905.84
16-April-2019,39275.64
18-April-2019,39140.28
22-April-2019,38645.18
23-April-2019,38564.88
24-April-2019,39054.68
25-April-2019,38730.86
26-April-2019,39067.33
30-April-2019,39031.55
2-May-2019,38981.43
3-May-2019,38963.26
6-May-2019,38600.34
7-May-2019,38276.63
8-May-2019,37789.13
9-May-2019,37558.91
10-May-2019,37462.99
13-May-2019,37090.82
14-May-2019,37318.53
15-May-2019,37114.88
16-May-2019,37393.48
17-May-2019,37930.77
20-May-2019,39352.67
21-May-2019,38969.8
22-May-2019,39110.21
23-May-2019,38811.39
24-May-2019,39434.72
27-May-2019,39683.29
28-May-2019,39749.73
29-May-2019,39502.05
30-May-2019,39831.97
31-May-2019,39714.2
3-June-2019,40267.62
4-June-2019,40083.54
6-June-2019,39529.72
7-June-2019,39615.9
10-June-2019,39784.52
11-June-2019,39950.46
12-June-2019,39756.81
13-June-2019,39741.36
14-June-2019,39452.07
17-June-2019,38960.79
18-June-2019,39046.34
19-June-2019,39112.74
20-June-2019,39601.63
21-June-2019,39194.49
24-June-2019,39122.96
25-June-2019,39434.94
26-June-2019,39592.08
27-June-2019,39586.41
28-June-2019,39394.64
1-July-2019,39686.5
2-July-2019,39816.48
3-July-2019,39839.25
4-July-2019,39908.06
5-July-2019,39513.39
8-July-2019,38720.57
9-July-2019,38730.82
10-July-2019,38557.04
11-July-2019,38823.11
12-July-2019,38736.23
15-July-2019,38896.71
16-July-2019,39131.04
17-July-2019,39215.64
18-July-2019,38897.46
19-July-2019,38337.01
22-July-2019,38031.13
23-July-2019,37982.74
24-July-2019,37847.65
25-July-2019,37830.98
26-July-2019,37882.79
29-July-2019,37686.37
30-July-2019,37397.24
31-July-2019,37481.12
1-August-2019,37018.32
2-August-2019,37118.22
5-August-2019,36699.84
6-August-2019,36976.85
7-August-2019,36690.5
8-August-2019,37327.36
9-August-2019,37581.91
13-August-2019,36958.16
14-August-2019,37311.53
16-August-2019,37350.33
19-August-2019,37402.49
20-August-2019,37328.01
21-August-2019,37060.37
22-August-2019,36472.93
23-August-2019,36701.16
26-August-2019,37494.12
27-August-2019,37641.27
28-August-2019,37451.84
29-August-2019,37068.93
30-August-2019,37332.79
3-September-2019,36562.91
4-September-2019,36724.74
5-September-2019,36644.42
6-September-2019,36981.77
9-September-2019,37145.45
11-September-2019,37270.82
12-September-2019,37104.28
13-September-2019,37384.99
16-September-2019,37123.31
17-September-2019,36481.09
18-September-2019,36563.88
19-September-2019,36093.47
20-September-2019,38014.62
23-September-2019,39090.03
24-September-2019,39097.14
25-September-2019,38593.52
26-September-2019,38989.74
27-September-2019,38822.57
30-September-2019,38667.33
1-October-2019,38305.41
3-October-2019,38106.87
4-October-2019,37673.31
7-October-2019,37531.98
9-October-2019,38177.95
10-October-2019,37880.4
11-October-2019,38127.08
14-October-2019,38214.47
15-October-2019,38506.09
16-October-2019,38598.99
17-October-2019,39052.06
18-October-2019,39298.38
22-October-2019,38963.84
23-October-2019,39058.83
24-October-2019,39020.39
25-October-2019,39058.06
27-October-2019,39250.2
29-October-2019,39831.84
30-October-2019,40051.87
31-October-2019,40129.05
1-November-2019,40165.03
4-November-2019,40301.96
5-November-2019,40248.23
6-November-2019,40469.78
7-November-2019,40653.74
8-November-2019,40323.61
11-November-2019,40345.08
13-November-2019,40116.06
14-November-2019,40286.48
15-November-2019,40356.69
18-November-2019,40284.19
19-November-2019,40469.7
20-November-2019,40651.64
21-November-2019,40575.17
22-November-2019,40359.41
25-November-2019,40889.23
26-November-2019,40821.3
27-November-2019,41020.61
28-November-2019,41130.17
29-November-2019,40793.81
2-December-2019,40802.17
3-December-2019,40675.45
4-December-2019,40850.29
5-December-2019,40779.59
6-December-2019,40445.15
9-December-2019,40487.43
10-December-2019,40239.88
11-December-2019,40412.57
12-December-2019,40581.71
13-December-2019,41009.71
16-December-2019,40938.72
17-December-2019,41352.17
18-December-2019,41558.57
19-December-2019,41673.92
20-December-2019,41681.54
23-December-2019,41642.66
24-December-2019,41461.26
26-December-2019,41163.76
27-December-2019,41575.14
30-December-2019,41558
31-December-2019,41253.74
1-January-2020,41306.02
2-January-2020,41626.64
3-January-2020,41464.61
6-January-2020,40676.63
7-January-2020,40869.47
8-January-2020,40817.74
9-January-2020,41452.35
10-January-2020,41599.72
13-January-2020,41859.69
14-January-2020,41952.63
15-January-2020,41872.73
16-January-2020,41932.56
17-January-2020,41945.37
20-January-2020,41528.91
21-January-2020,41323.81
22-January-2020,41115.38
23-January-2020,41386.4
24-January-2020,41613.19
27-January-2020,41155.12
28-January-2020,40966.86
29-January-2020,41198.66
30-January-2020,40913.82
31-January-2020,40723.49
1-February-2020,39735.53
3-February-2020,39872.31
4-February-2020,40789.38
5-February-2020,41142.66
6-February-2020,41306.03
7-February-2020,41141.85
10-February-2020,40979.62
11-February-2020,41216.14
12-February-2020,41565.9
13-February-2020,41459.79
14-February-2020,41257.74
17-February-2020,41055.69
18-February-2020,40894.38
19-February-2020,41323
20-February-2020,41170.12
24-February-2020,40363.23
25-February-2020,40281.2
26-February-2020,39888.96
27-February-2020,39745.66
28-February-2020,38297.29
2-March-2020,38144.02
3-March-2020,38623.7
4-March-2020,38409.48
5-March-2020,38470.61
6-March-2020,37576.62
9-March-2020,35634.95
11-March-2020,35697.4
12-March-2020,32778.14
13-March-2020,34103.48
16-March-2020,31390.07
17-March-2020,30579.09
18-March-2020,28869.51
19-March-2020,28288.23
20-March-2020,29915.96
23-March-2020,25981.24
24-March-2020,26674.03
25-March-2020,28535.78
26-March-2020,29946.77
27-March-2020,29815.59
30-March-2020,28440.32
31-March-2020,29468.49
1-April-2020,28265.31
3-April-2020,27590.95
7-April-2020,30067.21
8-April-2020,29893.96
9-April-2020,31159.62
13-April-2020,30690.02
15-April-2020,30379.81
16-April-2020,30602.61
17-April-2020,31588.72
20-April-2020,31648
21-April-2020,30636.71
22-April-2020,31379.55
23-April-2020,31863.08
24-April-2020,31327.22
27-April-2020,31743.08
28-April-2020,32114.52
29-April-2020,32720.16
30-April-2020,33717.62
4-May-2020,31715.35
5-May-2020,31453.51
6-May-2020,31685.75
7-May-2020,31443.38
8-May-2020,31642.7
11-May-2020,31561.22
12-May-2020,31371.12
13-May-2020,32008.61
14-May-2020,31122.89
15-May-2020,31097.73
18-May-2020,30028.98
19-May-2020,30196.17
20-May-2020,30818.61
21-May-2020,30932.9
22-May-2020,30672.59
26-May-2020,30609.3
27-May-2020,31605.22
28-May-2020,32200.59
29-May-2020,32424.1
1-June-2020,33303.52
2-June-2020,33825.53
3-June-2020,34109.54
4-June-2020,33980.7
5-June-2020,34287.24
8-June-2020,34370.58
9-June-2020,33956.69
10-June-2020,34247.05
11-June-2020,33538.37
12-June-2020,33780.89
15-June-2020,33228.8
16-June-2020,33605.22
17-June-2020,33507.92
18-June-2020,34208.05
19-June-2020,34731.73
22-June-2020,34911.32
23-June-2020,35430.43
24-June-2020,34868.98
25-June-2020,34842.1
26-June-2020,35171.27
29-June-2020,34961.52
30-June-2020,34915.8
1-July-2020,35414.45
2-July-2020,35843.7
3-July-2020,36021.42
6-July-2020,36487.28
7-July-2020,36674.52
8-July-2020,36329.01
9-July-2020,36737.69
10-July-2020,36594.33
13-July-2020,36693.69
14-July-2020,36033.06
15-July-2020,36051.81
16-July-2020,36471.68
17-July-2020,37020.14
20-July-2020,37418.99
21-July-2020,37930.33
22-July-2020,37871.52
23-July-2020,38140.47
24-July-2020,38128.9
27-July-2020,37934.73
28-July-2020,38492.95
29-July-2020,38071.13
30-July-2020,37736.07
31-July-2020,37606.89
3-August-2020,36939.6
4-August-2020,37687.91
5-August-2020,37663.33
6-August-2020,38025.45
7-August-2020,38040.57
10-August-2020,38182.08
11-August-2020,38407.01
12-August-2020,38369.63
13-August-2020,38310.49
14-August-2020,37877.34
17-August-2020,38050.78
18-August-2020,38528.32
19-August-2020,38614.79
20-August-2020,38220.39
21-August-2020,38434.72
24-August-2020,38799.08
25-August-2020,38843.88
26-August-2020,39073.92
27-August-2020,39113.47
28-August-2020,39467.31
31-August-2020,38628.29
1-September-2020,38900.8
2-September-2020,39086.03
3-September-2020,38990.94
4-September-2020,38357.18
7-September-2020,38417.23
8-September-2020,38365.35
9-September-2020,38193.92
10-September-2020,38840.32
11-September-2020,38854.55
14-September-2020,38756.63
15-September-2020,39044.35
16-September-2020,39302.85
17-September-2020,38979.85
18-September-2020,38845.82
21-September-2020,38034.14
22-September-2020,37734.08
23-September-2020,37668.42
24-September-2020,36553.6
25-September-2020,37388.66
28-September-2020,37981.63
29-September-2020,37973.22
30-September-2020,38067.93
1-October-2020,38697.05
5-October-2020,38973.7
6-October-2020,39574.57
7-October-2020,39878.95
8-October-2020,40182.67
9-October-2020,40509.49
12-October-2020,40593.8
13-October-2020,40625.51
14-October-2020,40794.74
15-October-2020,39728.41
16-October-2020,39982.98
19-October-2020,40431.6
20-October-2020,40544.37
21-October-2020,40707.31
22-October-2020,40558.49
23-October-2020,40685.5
26-October-2020,40145.5
27-October-2020,40522.1
28-October-2020,39922.46
29-October-2020,39749.85
30-October-2020,39614.07
2-November-2020,39757.58
3-November-2020,40261.13
4-November-2020,40616.14
5-November-2020,41340.16
6-November-2020,41893.06
9-November-2020,42597.43
10-November-2020,43277.65
11-November-2020,43593.67
12-November-2020,43357.19
13-November-2020,43443
14-November-2020,43637.98
17-November-2020,43952.71
18-November-2020,44180.05
19-November-2020,43599.96
20-November-2020,43882.25
23-November-2020,44077.15
24-November-2020,44523.02
25-November-2020,43828.1
26-November-2020,44259.74
27-November-2020,44149.72
1-December-2020,44655.44
2-December-2020,44618.04
3-December-2020,44632.65
4-December-2020,45079.55
7-December-2020,45426.97
8-December-2020,45608.51
9-December-2020,46103.5
10-December-2020,45959.88
11-December-2020,46099.01
14-December-2020,46253.46
15-December-2020,46263.17
16-December-2020,46666.46
17-December-2020,46890.34
18-December-2020,46960.69
21-December-2020,45553.96
22-December-2020,46006.69
23-December-2020,46444.18
24-December-2020,46973.54
28-December-2020,47353.75
29-December-2020,47613.08
30-December-2020,47746.22
31-December-2020,47751.33
1-January-2021,47868.98
4-January-2021,48176.8
5-January-2021,48437.78
6-January-2021,48174.06
7-January-2021,48093.32
8-January-2021,48782.51
11-January-2021,49269.32
12-January-2021,49517.11
13-January-2021,49492.32
14-January-2021,49584.16
15-January-2021,49034.67
18-January-2021,48564.27
19-January-2021,49398.29
20-January-2021,49792.12
21-January-2021,49624.76
22-January-2021,48878.54
25-January-2021,48347.59
27-January-2021,47409.93
28-January-2021,46874.36
29-January-2021,46285.77
1-February-2021,48600.61
2-February-2021,49797.72
3-February-2021,50255.75
4-February-2021,50614.29
5-February-2021,50731.63
8-February-2021,51348.77
9-February-2021,51329.08
10-February-2021,51309.39
11-February-2021,51531.52
12-February-2021,51544.3
15-February-2021,52154.13
16-February-2021,52104.17
17-February-2021,51703.83
18-February-2021,51324.69
19-February-2021,50889.76
22-February-2021,49744.32
23-February-2021,49751.41
24-February-2021,50781.69
25-February-2021,51039.31
26-February-2021,49099.99
1-March-2021,49849.84
2-March-2021,50296.89
3-March-2021,51444.65
4-March-2021,50846.08
5-March-2021,50405.32
8-March-2021,50441.07
9-March-2021,51025.48
10-March-2021,51279.51
12-March-2021,50792.08
15-March-2021,50395.08
16-March-2021,50363.96
17-March-2021,49801.62
18-March-2021,49216.52
19-March-2021,49858.24
22-March-2021,49771.29
23-March-2021,50051.44
24-March-2021,49180.31
25-March-2021,48440.12
26-March-2021,49008.5
30-March-2021,50136.58
31-March-2021,49509.15
1-April-2021,50029.83
5-April-2021,49159.32
6-April-2021,49201.39
7-April-2021,49661.76
8-April-2021,49746.21
9-April-2021,49591.32
12-April-2021,47883.38
13-April-2021,48544.06
15-April-2021,48803.68
16-April-2021,48832.03
19-April-2021,47949.42
20-April-2021,47705.8
22-April-2021,48080.67
23-April-2021,47878.45
26-April-2021,48386.51
27-April-2021,48944.14
28-April-2021,49733.84
29-April-2021,49765.94
30-April-2021,48782.36
3-May-2021,48718.52
4-May-2021,48253.51
5-May-2021,48677.55
6-May-2021,48949.76
7-May-2021,49206.47
10-May-2021,49502.41
11-May-2021,49161.81
12-May-2021,48690.8
14-May-2021,48732.55
17-May-2021,49580.73
18-May-2021,50193.33
19-May-2021,49902.64
20-May-2021,49564.86
21-May-2021,50540.48
24-May-2021,50651.9
25-May-2021,50637.53
26-May-2021,51017.52
27-May-2021,51115.22
28-May-2021,51422.88
31-May-2021,51937.44
1-June-2021,51934.88
2-June-2021,51849.48
3-June-2021,52232.43
4-June-2021,52100.05
7-June-2021,52328.51
8-June-2021,52275.57
9-June-2021,51941.64
10-June-2021,52300.47
11-June-2021,52474.76
14-June-2021,52551.53
15-June-2021,52773.05
16-June-2021,52501.98
17-June-2021,52323.33
18-June-2021,52344.45
21-June-2021,52574.46
22-June-2021,52588.71
23-June-2021,52306.08
24-June-2021,52699
25-June-2021,52925.04
28-June-2021,52735.59
29-June-2021,52549.66
30-June-2021,52482.71
1-July-2021,52318.6
2-July-2021,52484.67
5-July-2021,52880
6-July-2021,52861.18
7-July-2021,53054.76
8-July-2021,52568.94
9-July-2021,52386.19
12-July-2021,52372.69
13-July-2021,52769.73
14-July-2021,52904.05
15-July-2021,53158.85
16-July-2021,53140.06
19-July-2021,52553.4
20-July-2021,52198.51
22-July-2021,52837.21
23-July-2021,52975.8
26-July-2021,52852.27
27-July-2021,52578.76
28-July-2021,52443.71
29-July-2021,52653.07
30-July-2021,52586.84
2-August-2021,52950.63
3-August-2021,53823.36
4-August-2021,54369.77
5-August-2021,54492.84
6-August-2021,54277.72
9-August-2021,54402.85
10-August-2021,54554.66
11-August-2021,54525.93
12-August-2021,54843.98
13-August-2021,55437.29
16-August-2021,55582.58
17-August-2021,55792.27
18-August-2021,55629.49
20-August-2021,55329.32
23-August-2021,55555.79
24-August-2021,55958.98
25-August-2021,55944.21
26-August-2021,55949.1
27-August-2021,56124.72
30-August-2021,56889.76
31-August-2021,57552.39
1-September-2021,57338.21
2-September-2021,57852.54
3-September-2021,58129.95
6-September-2021,58296.91
7-September-2021,58279.48
8-September-2021,58250.26
9-September-2021,58305.07
13-September-2021,58177.76
14-September-2021,58247.09
15-September-2021,58723.2
16-September-2021,59141.16
17-September-2021,59015.89
20-September-2021,58490.93
21-September-2021,59005.27
22-September-2021,58927.33
23-September-2021,59885.36
24-September-2021,60048.47
27-September-2021,60077.88
28-September-2021,59667.6
29-September-2021,59413.27
30-September-2021,59126.36
1-October-2021,58765.58
4-October-2021,59299.32
5-October-2021,59744.88
6-October-2021,59189.73
7-October-2021,59677.83
8-October-2021,60059.06
11-October-2021,60135.78
12-October-2021,60284.31
13-October-2021,60737.05
14-October-2021,61305.95
18-October-2021,61765.59
19-October-2021,61716.05
20-October-2021,61259.96
21-October-2021,60923.5
22-October-2021,60821.62
25-October-2021,60967.05
26-October-2021,61350.26
27-October-2021,61143.33
28-October-2021,59984.7
29-October-2021,59306.93
1-November-2021,60138.46
2-November-2021,60029.06
3-November-2021,59771.92
4-November-2021,60067.62
8-November-2021,60545.61
9-November-2021,60433.45
10-November-2021,60352.82
11-November-2021,59919.69
12-November-2021,60686.69
15-November-2021,60718.71
16-November-2021,60322.37
17-November-2021,60008.33
18-November-2021,59636.01
22-November-2021,58465.89
23-November-2021,58664.33
24-November-2021,58340.99
25-November-2021,58795.09
26-November-2021,57107.15
29-November-2021,57260.58
30-November-2021,57064.87
1-December-2021,57684.79
2-December-2021,58461.29
3-December-2021,57696.46
6-December-2021,56747.14
7-December-2021,57633.65
8-December-2021,58649.68
9-December-2021,58807.13
10-December-2021,58786.67
13-December-2021,58283.42
14-December-2021,58117.09
15-December-2021,57788.03
16-December-2021,57901.14
17-December-2021,57011.74
20-December-2021,55822.01
21-December-2021,56319.01
22-December-2021,56930.56
23-December-2021,57315.28
24-December-2021,57124.31
27-December-2021,57420.24
28-December-2021,57897.48
29-December-2021,57806.49
30-December-2021,57794.32
31-December-2021,58253.82
3-January-2022,59183.22
4-January-2022,59855.93
5-January-2022,60223.15
6-January-2022,59601.84
7-January-2022,59744.65
10-January-2022,60395.63
11-January-2022,60616.89
12-January-2022,61150.04
13-January-2022,61235.3
14-January-2022,61223.03
17-January-2022,61308.91
18-January-2022,60754.86
19-January-2022,60098.82
20-January-2022,59464.62
21-January-2022,59037.18
24-January-2022,57491.51
25-January-2022,57858.15
27-January-2022,57276.94
28-January-2022,57200.23
31-January-2022,58014.17
1-February-2022,58862.57
2-February-2022,59558.33
3-February-2022,58788.02
4-February-2022,58644.82
7-February-2022,57621.19
8-February-2022,57808.58
9-February-2022,58465.97
10-February-2022,58926.03
11-February-2022,58152.92
14-February-2022,56405.84
15-February-2022,58142.05
16-February-2022,57996.68
17-February-2022,57892.01
18-February-2022,57832.97
21-February-2022,57683.59
22-February-2022,57300.68
23-February-2022,57232.06
24-February-2022,54529.91
25-February-2022,55858.52
28-February-2022,56247.28
2-March-2022,55468.9
3-March-2022,55102.68
4-March-2022,54333.81
7-March-2022,52842.75
8-March-2022,53424.09
9-March-2022,54647.33
10-March-2022,55464.39
11-March-2022,55550.3
14-March-2022,56486.02
15-March-2022,55776.85
16-March-2022,56816.65
17-March-2022,57863.93
21-March-2022,57292.49
22-March-2022,57989.3
23-March-2022,57684.82
24-March-2022,57595.68
25-March-2022,57362.2
28-March-2022,57593.49
29-March-2022,57943.65
30-March-2022,58683.99
31-March-2022,58568.51
1-April-2022,59276.69
4-April-2022,60611.74
5-April-2022,60176.5
6-April-2022,59610.41
7-April-2022,59034.95
8-April-2022,59447.18
11-April-2022,58964.57
12-April-2022,58576.37
13-April-2022,58338.93
18-April-2022,57166.74
19-April-2022,56463.15
20-April-2022,57037.5
21-April-2022,57911.68
22-April-2022,57197.15
25-April-2022,56579.89
26-April-2022,57356.61
27-April-2022,56819.39
28-April-2022,57521.06
29-April-2022,57060.87
2-May-2022,56975.99
4-May-2022,55669.03
5-May-2022,55702.23
6-May-2022,54835.58
9-May-2022,54470.67
10-May-2022,54364.85
11-May-2022,54088.39
12-May-2022,52930.31
13-May-2022,52793.62
16-May-2022,52973.84
17-May-2022,54318.47
18-May-2022,54208.53
19-May-2022,52792.23
20-May-2022,54326.39
23-May-2022,54288.61
24-May-2022,54052.61
25-May-2022,53749.26
26-May-2022,54252.53
27-May-2022,54884.66
30-May-2022,55925.74
31-May-2022,55566.41
1-June-2022,55381.17
2-June-2022,55818.11
3-June-2022,55769.23
6-June-2022,55675.32
7-June-2022,55107.34
8-June-2022,54892.49
9-June-2022,55320.28
10-June-2022,54303.44
13-June-2022,52846.7
14-June-2022,52693.57
15-June-2022,52541.39
16-June-2022,51495.79
17-June-2022,51360.42
20-June-2022,51597.84
21-June-2022,52532.07
22-June-2022,51822.53
23-June-2022,52265.72
24-June-2022,52727.98
27-June-2022,53161.28
28-June-2022,53177.45
29-June-2022,53026.97
30-June-2022,53018.94
1-July-2022,52907.93
4-July-2022,53234.77
5-July-2022,53134.35
6-July-2022,53750.97
7-July-2022,54178.46
8-July-2022,54481.84
11-July-2022,54395.23
12-July-2022,53886.61
13-July-2022,53514.15
14-July-2022,53416.15
15-July-2022,53760.78
18-July-2022,54521.15
19-July-2022,54767.62
20-July-2022,55397.53
21-July-2022,55681.95
22-July-2022,56072.23
25-July-2022,55766.22
26-July-2022,55268.49
27-July-2022,55816.32
28-July-2022,56857.79
29-July-2022,57570.25
1-August-2022,58115.5
2-August-2022,58136.36
3-August-2022,58350.53
4-August-2022,58298.8
5-August-2022,58387.93
8-August-2022,58853.07
10-August-2022,58817.29
11-August-2022,59332.6
12-August-2022,59462.78
16-August-2022,59842.21
17-August-2022,60260.13
18-August-2022,60298
19-August-2022,59646.15
22-August-2022,58773.87
23-August-2022,59031.3
24-August-2022,59085.43
25-August-2022,58774.72
26-August-2022,58833.87
29-August-2022,57972.62
30-August-2022,59537.07
1-September-2022,58766.59
2-September-2022,58803.33
5-September-2022,59245.98
6-September-2022,59196.99
7-September-2022,59028.91
8-September-2022,59688.22
9-September-2022,59793.14
12-September-2022,60115.13
13-September-2022,60571.08
14-September-2022,60346.97
15-September-2022,59934.01
16-September-2022,58840.79
19-September-2022,59141.23
20-September-2022,59719.74
21-September-2022,59456.78
22-September-2022,59119.72
23-September-2022,58098.92
26-September-2022,57145.22
27-September-2022,57107.52
28-September-2022,56598.28
29-September-2022,56409.96
30-September-2022,57426.92
3-October-2022,56788.81
4-October-2022,58065.47
6-October-2022,58222.1
7-October-2022,58191.29
10-October-2022,57991.11
11-October-2022,57147.32
12-October-2022,57625.91
13-October-2022,57235.33
14-October-2022,57919.97
17-October-2022,58410.98
18-October-2022,58960.6
19-October-2022,59107.19
20-October-2022,59202.9
21-October-2022,59307.15
24-October-2022,59831.66
25-October-2022,59543.96
27-October-2022,59756.84
28-October-2022,59959.85
31-October-2022,60746.59
1-November-2022,61121.35
2-November-2022,60906.09
3-November-2022,60836.41
4-November-2022,60950.36
7-November-2022,61185.15
9-November-2022,61033.55
10-November-2022,60613.7
11-November-2022,61795.04
14-November-2022,61624.15
15-November-2022,61872.99
16-November-2022,61980.72
17-November-2022,61750.6
18-November-2022,61663.48
21-November-2022,61144.84
22-November-2022,61418.96
23-November-2022,61510.58
24-November-2022,62272.68
25-November-2022,62293.64
28-November-2022,62504.8
29-November-2022,62681.84
30-November-2022,63099.65
1-December-2022,63284.19
2-December-2022,62868.5
5-December-2022,62834.6
6-December-2022,62626.36
7-December-2022,62410.68
8-December-2022,62570.68
9-December-2022,62181.67
12-December-2022,62130.57
13-December-2022,62533.3
14-December-2022,62677.91
15-December-2022,61799.03
16-December-2022,61337.81
19-December-2022,61806.19
20-December-2022,61702.29
21-December-2022,61067.24
22-December-2022,60826.22
23-December-2022,59845.29
26-December-2022,60566.42
27-December-2022,60927.43
28-December-2022,60910.28
29-December-2022,61133.88
30-December-2022,60840.74
2-January-2023,61167.79
3-January-2023,61294.2
4-January-2023,60657.45
5-January-2023,60353.27
6-January-2023,59900.37
9-January-2023,60747.31
10-January-2023,60115.48
11-January-2023,60105.5
12-January-2023,59958.03
13-January-2023,60261.18
16-January-2023,60092.97
17-January-2023,60655.72
18-January-2023,61045.74
19-January-2023,60858.43
20-January-2023,60621.77
23-January-2023,60941.67
24-January-2023,60978.75
25-January-2023,60205.06
27-January-2023,59330.9
30-January-2023,59500.41
31-January-2023,59549.9
1-February-2023,59708.08
2-February-2023,59932.24
3-February-2023,60841.88
6-February-2023,60506.9
7-February-2023,60286.04
8-February-2023,60663.79
9-February-2023,60806.22
10-February-2023,60682.7
13-February-2023,60431.84
14-February-2023,61032.26
15-February-2023,61275.09
16-February-2023,61319.51
17-February-2023,61002.57
20-February-2023,60691.54
21-February-2023,60672.72
22-February-2023,59744.98
23-February-2023,59605.8
24-February-2023,59463.93
27-February-2023,59288.35
28-February-2023,58962.12
1-March-2023,59411.08
2-March-2023,58909.35
3-March-2023,59808.97
6-March-2023,60224.46
8-March-2023,60348.09
9-March-2023,59806.28
10-March-2023,59135.13
13-March-2023,58237.85
14-March-2023,57900.19
15-March-2023,57555.9
16-March-2023,57634.84
17-March-2023,57989.9
20-March-2023,57628.95
21-March-2023,58074.68
22-March-2023,58214.59
23-March-2023,57925.28
24-March-2023,57527.1
27-March-2023,57653.86
28-March-2023,57613.72
29-March-2023,57960.09
31-March-2023,58991.52
3-April-2023,59106.44
5-April-2023,59689.31
6-April-2023,59832.97
10-April-2023,59846.51
11-April-2023,60157.72
12-April-2023,60392.77
13-April-2023,60431
17-April-2023,59910.75
18-April-2023,59727.01
19-April-2023,59567.8
20-April-2023,59632.35
21-April-2023,59655.06
24-April-2023,60056.1
25-April-2023,60130.71
26-April-2023,60300.58
27-April-2023,60649.38
28-April-2023,61112.44
2-May-2023,61354.71
3-May-2023,61193.3
4-May-2023,61749.25
5-May-2023,61054.29
8-May-2023,61764.25
9-May-2023,61761.33
10-May-2023,61940.2
11-May-2023,61904.52
12-May-2023,62027.9
15-May-2023,62345.71
16-May-2023,61932.47
17-May-2023,61560.64
18-May-2023,61431.74
19-May-2023,61729.68
22-May-2023,61963.68
23-May-2023,61981.79
24-May-2023,61773.78
25-May-2023,61872.62
26-May-2023,62501.69
29-May-2023,62846.38
30-May-2023,62969.13
31-May-2023,62622.24
1-June-2023,62428.54
2-June-2023,62547.11
5-June-2023,62787.47
6-June-2023,62792.88
7-June-2023,63142.96
8-June-2023,62848.64
9-June-2023,62625.63
12-June-2023,62724.71
13-June-2023,63143.16
14-June-2023,63228.51
15-June-2023,62917.63
16-June-2023,63384.58
19-June-2023,63168.3
20-June-2023,63327.7
21-June-2023,63523.15
22-June-2023,63238.89
23-June-2023,62979.37
26-June-2023,62970
27-June-2023,63416.03
28-June-2023,63915.42
30-June-2023,64718.56
3-July-2023,65205.05
4-July-2023,65479.05
5-July-2023,65446.04
6-July-2023,65785.64
7-July-2023,65280.45
10-July-2023,65344.17
11-July-2023,65617.84
12-July-2023,65393.9
13-July-2023,65558.89
14-July-2023,66060.9
17-July-2023,66589.93
18-July-2023,66795.14
19-July-2023,67097.44
20-July-2023,67571.9
21-July-2023,66684.26
24-July-2023,66384.78
25-July-2023,66355.71
26-July-2023,66707.2
27-July-2023,66266.82
28-July-2023,66160.2
31-July-2023,66527.67
1-August-2023,66459.31
2-August-2023,65782.78
3-August-2023,65240.68
4-August-2023,65721.25
7-August-2023,65721.25
8-August-2023,65846.5
9-August-2023,65995.81
10-August-2023,65688.18
11-August-2023,65322.65
14-August-2023,65401.92
16-August-2023,65539.42
17-August-2023,65151.02
18-August-2023,64948.66
21-August-2023,65216.09
22-August-2023,65220.03
23-August-2023,65433.3
24-August-2023,65252.34
25-August-2023,64886.51
28-August-2023,64996.6
29-August-2023,65075.82
30-August-2023,65087.25
31-August-2023,64831.41
1-September-2023,65387.16
4-September-2023,65628.14
5-September-2023,65780.26
6-September-2023,65880.52
7-September-2023,66265.56
8-September-2023,66598.91
11-September-2023,67127.08
12-September-2023,67221.13
13-September-2023,67466.99
14-September-2023,67519
15-September-2023,67838.63
18-September-2023,67596.84
20-September-2023,66800.84
21-September-2023,66230.24
22-September-2023,66009.15
25-September-2023,66023.69
26-September-2023,65945.47
27-September-2023,66118.69
28-September-2023,65508.32
29-September-2023,65828.41
3-October-2023,65512.1
4-October-2023,65226.04
5-October-2023,65631.57
6-October-2023,65995.63
9-October-2023,65512.39
10-October-2023,66079.36
11-October-2023,66473.05
12-October-2023,66408.39
13-October-2023,66282.74
16-October-2023,66166.93
17-October-2023,66428.09
18-October-2023,65877.02
19-October-2023,65629.24
20-October-2023,65397.62
23-October-2023,64571.88
25-October-2023,64049.06
26-October-2023,63148.15
27-October-2023,63782.8
30-October-2023,64112.65
31-October-2023,63874.93
1-November-2023,63591.33
2-November-2023,64080.9
3-November-2023,64363.78
6-November-2023,64958.69
7-November-2023,64942.4
8-November-2023,64975.61
9-November-2023,64832.2
10-November-2023,64904.68
12-November-2023,65259.45
13-November-2023,64933.87
15-November-2023,65675.93
16-November-2023,65982.48
17-November-2023,65794.73
20-November-2023,65655.15
21-November-2023,65930.77
22-November-2023,66023.24
23-November-2023,66017.81
24-November-2023,65970.04
28-November-2023,66174.2
29-November-2023,66901.91
30-November-2023,66988.44
1-December-2023,67481.19
4-December-2023,68865.12
5-December-2023,69296.14
6-December-2023,69653.73
7-December-2023,69521.69
8-December-2023,69825.6
11-December-2023,69928.53
12-December-2023,69551.03
13-December-2023,69584.6
14-December-2023,70514.2
15-December-2023,71483.75
18-December-2023,71315.09
19-December-2023,71437.19
20-December-2023,70506.31
21-December-2023,70865.1
22-December-2023,71106.96
26-December-2023,71336.8
27-December-2023,72038.43
28-December-2023,72410.38
29-December-2023,72240.26
1-January-2024,72271.94